NUMBER; DRIVER_NUMBER; LAP_NUMBER; LAP_TIME; LAP_IMPROVEMENT; CROSSING_FINISH_LINE_IN_PIT; S1; S1_IMPROVEMENT; S2; S2_IMPROVEMENT; S3; S3_IMPROVEMENT; KPH; ELAPSED; HOUR;S1_LARGE;S2_LARGE;S3_LARGE;TOP_SPEED;DRIVER_NAME;PIT_TIME;CLASS;GROUP;TEAM;MANUFACTURER;FLAG_AT_FL;S1_SECONDS;S2_SECONDS;S3_SECONDS;IM1a_time;IM1a_elapsed;IM1_time;IM1_elapsed;IM2a_time;IM2a_elapsed;IM2_time;IM2_elapsed;IM3a_time;IM3a_elapsed;FL_time;FL_elapsed;
03;1;1;3:01.780;0;;1:16.008;0;52.141;0;53.631;0;119.2;3:01.780;08:48:01.780;1:16.008;0:52.141;0:53.631;;Karl Forman;0:00:32.969;Am;;Precision Racing LA;Toyota Gazoo Racing;GF;76.008;52.141;53.631;48.583;48.583;27.425;1:16.008;29.608;1:45.616;22.533;2:08.149;34.226;2:42.375;19.405;3:01.780;
03;1;2;2:27.571;0;;44.147;0;50.925;0;52.499;0;146.8;5:29.351;08:50:29.351;0:44.147;0:50.925;0:52.499;;Karl Forman;;Am;;Precision Racing LA;Toyota Gazoo Racing;GF;44.147;50.925;52.499;18.022;18.022;26.125;44.147;28.800;1:12.947;22.125;1:35.072;33.148;2:08.220;19.351;2:27.571;
03;1;3;2:26.944;0;;43.759;0;50.771;0;52.414;0;147.5;7:56.295;08:52:56.295;0:43.759;0:50.771;0:52.414;;Karl Forman;;Am;;Precision Racing LA;Toyota Gazoo Racing;GF;43.759;50.771;52.414;17.942;17.942;25.817;43.759;28.710;1:12.469;22.061;1:34.530;;;;2:26.944;
03;1;4;2:27.398;0;;43.741;2;51.161;0;52.496;0;147.0;10:23.693;08:55:23.693;0:43.741;0:51.161;0:52.496;;Karl Forman;;Am;;Precision Racing LA;Toyota Gazoo Racing;GF;43.741;51.161;52.496;17.929;17.929;25.812;43.741;29.045;1:12.786;22.116;1:34.902;;;;2:27.398;
03;1;5;2:27.235;0;;43.829;0;50.939;0;52.467;0;147.2;12:50.928;08:57:50.928;0:43.829;0:50.939;0:52.467;;Karl Forman;;Am;;Precision Racing LA;Toyota Gazoo Racing;GF;43.829;50.939;52.467;18.027;18.027;25.802;43.829;28.756;1:12.585;22.183;1:34.768;33.094;2:07.862;19.373;2:27.235;
03;1;6;2:26.921;2;;43.872;0;50.721;2;52.328;2;147.5;15:17.849;09:00:17.849;0:43.872;0:50.721;0:52.328;;Karl Forman;;Am;;Precision Racing LA;Toyota Gazoo Racing;FF;43.872;50.721;52.328;17.923;17.923;25.949;43.872;28.689;1:12.561;22.032;1:34.593;33.029;2:07.622;19.299;2:26.921;
11;1;1;2:50.714;0;;1:03.278;0;53.290;0;54.146;0;126.9;2:50.714;08:47:50.714;1:03.278;0:53.290;0:54.146;;Farran Davis;0:00:20.141;Am;Legends;RVA Graphics Motorsports by Speed Syndicate;Toyota Gazoo Racing;GF;63.278;53.290;54.146;35.269;35.269;28.009;1:03.278;30.212;1:33.490;23.078;1:56.568;33.650;2:30.218;20.496;2:50.714;
11;1;2;2:30.119;0;;46.105;0;51.698;0;52.316;0;144.3;5:20.833;08:50:20.833;0:46.105;0:51.698;0:52.316;;Farran Davis;;Am;Legends;RVA Graphics Motorsports by Speed Syndicate;Toyota Gazoo Racing;GF;46.105;51.698;52.316;18.918;18.918;27.187;46.105;29.444;1:15.549;22.254;1:37.803;32.906;2:10.709;19.410;2:30.119;
11;1;3;2:27.508;0;;43.792;0;51.489;0;52.227;2;146.9;7:48.341;08:52:48.341;0:43.792;0:51.489;0:52.227;;Farran Davis;;Am;Legends;RVA Graphics Motorsports by Speed Syndicate;Toyota Gazoo Racing;GF;43.792;51.489;52.227;17.649;17.649;26.143;43.792;29.318;1:13.110;22.171;1:35.281;32.861;2:08.142;19.366;2:27.508;
11;1;4;2:27.065;2;;43.620;2;51.200;0;52.245;0;147.3;10:15.406;08:55:15.406;0:43.620;0:51.200;0:52.245;;Farran Davis;;Am;Legends;RVA Graphics Motorsports by Speed Syndicate;Toyota Gazoo Racing;GF;43.620;51.200;52.245;17.649;17.649;25.971;43.620;29.056;1:12.676;22.144;1:34.820;32.848;2:07.668;19.397;2:27.065;
11;1;5;2:36.772;0;;47.702;0;55.485;0;53.585;0;138.2;12:52.178;08:57:52.178;0:47.702;0:55.485;0:53.585;;Farran Davis;;Am;Legends;RVA Graphics Motorsports by Speed Syndicate;Toyota Gazoo Racing;GF;47.702;55.485;53.585;18.755;18.755;28.947;47.702;29.908;1:17.610;25.577;1:43.187;34.220;2:17.407;19.365;2:36.772;
11;1;6;2:41.630;0;B;43.761;0;50.796;2;1:07.073;0;134.1;15:33.808;09:00:33.808;0:43.761;0:50.796;1:07.073;;Farran Davis;;Am;Legends;RVA Graphics Motorsports by Speed Syndicate;Toyota Gazoo Racing;FF;43.761;50.796;67.073;17.807;17.807;25.954;43.761;28.618;1:12.379;22.178;1:34.557;33.211;2:07.768;33.862;2:41.630;
113;1;1;3:19.347;0;;1:35.741;0;51.069;0;52.537;0;108.7;3:19.347;08:48:19.347;1:35.741;0:51.069;0:52.537;;Ethan Tovo;0:00:52.886;Am;;Nitro Motorsports;Toyota Gazoo Racing;GF;95.741;51.069;52.537;1:08.355;1:08.355;27.386;1:35.741;29.095;2:04.836;21.974;2:26.810;33.110;2:59.920;19.427;3:19.347;
113;1;2;2:25.998;0;;43.549;0;50.357;0;52.092;0;148.4;5:45.345;08:50:45.345;0:43.549;0:50.357;0:52.092;;Ethan Tovo;;Am;;Nitro Motorsports;Toyota Gazoo Racing;GF;43.549;50.357;52.092;17.768;17.768;25.781;43.549;28.544;1:12.093;21.813;1:33.906;32.813;2:06.719;19.279;2:25.998;
113;1;3;2:26.059;0;;43.551;0;50.324;0;52.184;0;148.4;8:11.404;08:53:11.404;0:43.551;0:50.324;0:52.184;;Ethan Tovo;;Am;;Nitro Motorsports;Toyota Gazoo Racing;GF;43.551;50.324;52.184;17.911;17.911;25.640;43.551;28.463;1:12.014;21.861;1:33.875;32.728;2:06.603;19.456;2:26.059;
113;1;4;2:25.657;0;;43.385;0;50.217;0;52.055;0;148.8;10:37.061;08:55:37.061;0:43.385;0:50.217;0:52.055;;Ethan Tovo;;Am;;Nitro Motorsports;Toyota Gazoo Racing;GF;43.385;50.217;52.055;17.689;17.689;25.696;43.385;28.275;1:11.660;21.942;1:33.602;32.766;2:06.368;19.289;2:25.657;
113;1;5;2:25.517;0;;43.122;2;50.381;0;52.014;2;148.9;13:02.578;08:58:02.578;0:43.122;0:50.381;0:52.014;;Ethan Tovo;;Am;;Nitro Motorsports;Toyota Gazoo Racing;GF;43.122;50.381;52.014;17.505;17.505;25.617;43.122;28.512;1:11.634;21.869;1:33.503;32.671;2:06.174;19.343;2:25.517;
113;1;6;2:25.391;2;;43.168;0;50.154;2;52.069;0;149.0;15:27.969;09:00:27.969;0:43.168;0:50.154;0:52.069;;Ethan Tovo;;Am;;Nitro Motorsports;Toyota Gazoo Racing;FF;43.168;50.154;52.069;17.564;17.564;25.604;43.168;28.278;1:11.446;21.876;1:33.322;32.766;2:06.088;19.303;2:25.391;
13;1;1;2:47.275;0;;1:03.355;0;51.621;0;52.299;0;129.5;2:47.275;08:47:47.275;1:03.355;0:51.621;0:52.299;;Westin Workman;0:00:21.693;Am;;BSI Racing;Toyota Gazoo Racing;GF;63.355;51.621;52.299;36.751;36.751;26.604;1:03.355;29.589;1:32.944;22.032;1:54.976;32.832;2:27.808;19.467;2:47.275;
13;1;2;2:24.104;3;;42.682;2;50.057;0;51.365;2;150.4;5:11.379;08:50:11.379;0:42.682;0:50.057;0:51.365;;Westin Workman;;Am;;BSI Racing;Toyota Gazoo Racing;GF;42.682;50.057;51.365;17.355;17.355;25.327;42.682;28.228;1:10.910;21.829;1:32.739;32.247;2:04.986;19.118;2:24.104;
13;1;3;2:24.908;0;;43.074;0;50.132;0;51.702;0;149.5;7:36.287;08:52:36.287;0:43.074;0:50.132;0:51.702;;Westin Workman;;Am;;BSI Racing;Toyota Gazoo Racing;GF;43.074;50.132;51.702;17.383;17.383;25.691;43.074;28.336;1:11.410;21.796;1:33.206;32.477;2:05.683;19.225;2:24.908;
13;1;4;2:24.403;0;;42.899;0;49.789;3;51.715;0;150.1;10:00.690;08:55:00.690;0:42.899;0:49.789;0:51.715;;Westin Workman;;Am;;BSI Racing;Toyota Gazoo Racing;GF;42.899;49.789;51.715;17.390;17.390;25.509;42.899;28.180;1:11.079;21.609;1:32.688;32.518;2:05.206;19.197;2:24.403;
13;1;5;3:06.233;0;B;1:03.106;0;51.607;0;1:11.520;0;116.3;13:06.923;08:58:06.923;1:03.106;0:51.607;1:11.520;;Westin Workman;;Am;;BSI Racing;Toyota Gazoo Racing;GF;63.106;51.607;71.520;21.105;21.105;42.001;1:03.106;29.315;1:32.421;22.292;1:54.713;36.127;2:30.840;35.393;3:06.233;
15;1;1;2:50.889;0;;1:07.517;0;50.928;0;52.444;0;126.8;2:50.889;08:47:50.889;1:07.517;0:50.928;0:52.444;;Brett Kowalski;0:00:25.132;Am;;TechSport;Toyota Gazoo Racing;GF;67.517;50.928;52.444;40.062;40.062;27.455;1:07.517;28.965;1:36.482;21.963;1:58.445;32.992;2:31.437;19.452;2:50.889;
15;1;2;2:27.503;0;;43.166;0;51.277;0;53.060;0;146.9;5:18.392;08:50:18.392;0:43.166;0:51.277;0:53.060;;Brett Kowalski;;Am;;TechSport;Toyota Gazoo Racing;GF;43.166;51.277;53.060;17.519;17.519;25.647;43.166;28.962;1:12.128;22.315;1:34.443;33.293;2:07.736;19.767;2:27.503;
15;1;3;2:26.367;0;;43.307;0;50.826;0;52.234;0;148.0;7:44.759;08:52:44.759;0:43.307;0:50.826;0:52.234;;Brett Kowalski;;Am;;TechSport;Toyota Gazoo Racing;GF;43.307;50.826;52.234;17.523;17.523;25.784;43.307;28.824;1:12.131;22.002;1:34.133;32.735;2:06.868;19.499;2:26.367;
15;1;4;2:25.309;2;;42.890;2;50.573;2;51.846;2;149.1;10:10.068;08:55:10.068;0:42.890;0:50.573;0:51.846;;Brett Kowalski;;Am;;TechSport;Toyota Gazoo Racing;GF;42.890;50.573;51.846;17.353;17.353;25.537;42.890;28.765;1:11.655;21.808;1:33.463;32.583;2:06.046;19.263;2:25.309;
15;1;5;2:27.530;0;;43.004;0;51.398;0;53.128;0;146.9;12:37.598;08:57:37.598;0:43.004;0:51.398;0:53.128;;Brett Kowalski;;Am;;TechSport;Toyota Gazoo Racing;GF;43.004;51.398;53.128;17.341;17.341;25.663;43.004;29.506;1:12.510;21.892;1:34.402;33.223;2:07.625;19.905;2:27.530;
15;1;6;2:26.443;0;;43.486;0;50.608;0;52.349;0;148.0;15:04.041;09:00:04.041;0:43.486;0:50.608;0:52.349;;Brett Kowalski;;Am;;TechSport;Toyota Gazoo Racing;FF;43.486;50.608;52.349;17.297;17.297;26.189;43.486;28.780;1:12.266;21.828;1:34.094;32.857;2:06.951;19.492;2:26.443;
16;1;1;2:41.290;0;;57.921;0;50.688;0;52.681;0;134.3;2:41.290;08:47:41.290;0:57.921;0:50.688;0:52.681;;John Dean;0:00:16.403;Am;Legends;Copeland Motorsports;Toyota Gazoo Racing;GF;57.921;50.688;52.681;31.101;31.101;26.820;57.921;28.836;1:26.757;21.852;1:48.609;33.101;2:21.710;19.580;2:41.290;
16;1;2;2:24.327;0;;42.928;2;50.008;0;51.391;0;150.1;5:05.617;08:50:05.617;0:42.928;0:50.008;0:51.391;;John Dean;;Am;Legends;Copeland Motorsports;Toyota Gazoo Racing;GF;42.928;50.008;51.391;17.324;17.324;25.604;42.928;28.177;1:11.105;21.831;1:32.936;32.213;2:05.149;19.178;2:24.327;
16;1;3;2:24.430;0;;43.004;0;49.969;0;51.457;0;150.0;7:30.047;08:52:30.047;0:43.004;0:49.969;0:51.457;;John Dean;;Am;Legends;Copeland Motorsports;Toyota Gazoo Racing;GF;43.004;49.969;51.457;17.366;17.366;25.638;43.004;28.270;1:11.274;21.699;1:32.973;32.310;2:05.283;19.147;2:24.430;
16;1;4;2:34.570;0;;49.378;0;53.535;0;51.657;0;140.2;10:04.617;08:55:04.617;0:49.378;0:53.535;0:51.657;;John Dean;;Am;Legends;Copeland Motorsports;Toyota Gazoo Racing;GF;49.378;53.535;51.657;17.678;17.678;31.700;49.378;31.573;1:20.951;21.962;1:42.913;32.542;2:15.455;19.115;2:34.570;
16;1;5;2:36.187;0;;43.156;0;57.106;0;55.925;0;138.7;12:40.804;08:57:40.804;0:43.156;0:57.106;0:55.925;;John Dean;;Am;Legends;Copeland Motorsports;Toyota Gazoo Racing;GF;43.156;57.106;55.925;17.451;17.451;25.705;43.156;29.494;1:12.650;27.612;1:40.262;36.636;2:16.898;19.289;2:36.187;
16;1;6;2:24.173;2;;43.093;0;49.910;2;51.170;3;150.3;15:04.977;09:00:04.977;0:43.093;0:49.910;0:51.170;;John Dean;;Am;Legends;Copeland Motorsports;Toyota Gazoo Racing;FF;43.093;49.910;51.170;17.399;17.399;25.694;43.093;28.204;1:11.297;21.706;1:33.003;32.130;2:05.133;19.040;2:24.173;
2;1;1;2:44.987;0;;1:01.136;0;51.677;0;52.174;0;131.3;2:44.987;08:47:44.987;1:01.136;0:51.677;0:52.174;;Will Robusto;0:00:19.484;Am;;RVA Graphics Motorsports by Speed Syndicate;Toyota Gazoo Racing;GF;61.136;51.677;52.174;34.408;34.408;26.728;1:01.136;29.508;1:30.644;22.169;1:52.813;32.771;2:25.584;19.403;2:44.987;
2;1;2;2:26.692;0;;43.835;0;50.646;0;52.211;0;147.7;5:11.679;08:50:11.679;0:43.835;0:50.646;0:52.211;;Will Robusto;;Am;;RVA Graphics Motorsports by Speed Syndicate;Toyota Gazoo Racing;GF;43.835;50.646;52.211;17.808;17.808;26.027;43.835;28.794;1:12.629;21.852;1:34.481;32.790;2:07.271;19.421;2:26.692;
2;1;3;2:25.635;0;;43.222;0;50.732;0;51.681;0;148.8;7:37.314;08:52:37.314;0:43.222;0:50.732;0:51.681;;Will Robusto;;Am;;RVA Graphics Motorsports by Speed Syndicate;Toyota Gazoo Racing;GF;43.222;50.732;51.681;17.529;17.529;25.693;43.222;28.892;1:12.114;21.840;1:33.954;32.517;2:06.471;19.164;2:25.635;
2;1;4;2:24.690;2;;43.104;0;49.850;2;51.736;0;149.8;10:02.004;08:55:02.004;0:43.104;0:49.850;0:51.736;;Will Robusto;;Am;;RVA Graphics Motorsports by Speed Syndicate;Toyota Gazoo Racing;GF;43.104;49.850;51.736;17.517;17.517;25.587;43.104;28.111;1:11.215;21.739;1:32.954;32.610;2:05.564;19.126;2:24.690;
2;1;5;2:32.101;0;;43.266;0;57.162;0;51.673;2;142.5;12:34.105;08:57:34.105;0:43.266;0:57.162;0:51.673;;Will Robusto;;Am;;RVA Graphics Motorsports by Speed Syndicate;Toyota Gazoo Racing;GF;43.266;57.162;51.673;17.445;17.445;25.821;43.266;32.595;1:15.861;24.567;1:40.428;32.433;2:12.861;19.240;2:32.101;
2;1;6;2:25.867;0;;42.978;2;50.042;0;52.847;0;148.5;14:59.972;08:59:59.972;0:42.978;0:50.042;0:52.847;;Will Robusto;;Am;;RVA Graphics Motorsports by Speed Syndicate;Toyota Gazoo Racing;GF;42.978;50.042;52.847;17.352;17.352;25.626;42.978;28.274;1:11.252;21.768;1:33.020;33.598;2:06.618;19.249;2:25.867;
21;1;1;2:44.505;0;;59.882;0;51.289;0;53.334;0;131.7;2:44.505;08:47:44.505;0:59.882;0:51.289;0:53.334;;Ford Koch;0:00:18.077;Am;;Copeland Motorsports;Toyota Gazoo Racing;GF;59.882;51.289;53.334;33.182;33.182;26.700;59.882;29.043;1:28.925;22.246;1:51.171;33.569;2:24.740;19.765;2:44.505;
21;1;2;2:26.695;0;;43.679;0;50.907;0;52.109;0;147.7;5:11.200;08:50:11.200;0:43.679;0:50.907;0:52.109;;Ford Koch;;Am;;Copeland Motorsports;Toyota Gazoo Racing;GF;43.679;50.907;52.109;17.825;17.825;25.854;43.679;28.927;1:12.606;21.980;1:34.586;32.789;2:07.375;19.320;2:26.695;
21;1;3;2:30.852;0;;44.574;0;50.699;0;55.579;0;143.6;7:42.052;08:52:42.052;0:44.574;0:50.699;0:55.579;;Ford Koch;;Am;;Copeland Motorsports;Toyota Gazoo Racing;GF;44.574;50.699;55.579;17.943;17.943;26.631;44.574;28.615;1:13.189;22.084;1:35.273;35.405;2:10.678;20.174;2:30.852;
21;1;4;2:26.228;0;;43.483;2;50.494;0;52.251;0;148.2;10:08.280;08:55:08.280;0:43.483;0:50.494;0:52.251;;Ford Koch;;Am;;Copeland Motorsports;Toyota Gazoo Racing;GF;43.483;50.494;52.251;17.709;17.709;25.774;43.483;28.484;1:11.967;22.010;1:33.977;32.856;2:06.833;19.395;2:26.228;
21;1;5;2:26.428;0;;43.560;0;51.053;0;51.815;0;148.0;12:34.708;08:57:34.708;0:43.560;0:51.053;0:51.815;;Ford Koch;;Am;;Copeland Motorsports;Toyota Gazoo Racing;GF;43.560;51.053;51.815;17.525;17.525;26.035;43.560;28.610;1:12.170;22.443;1:34.613;32.566;2:07.179;19.249;2:26.428;
21;1;6;2:25.846;2;;43.692;0;50.424;2;51.730;2;148.6;15:00.554;09:00:00.554;0:43.692;0:50.424;0:51.730;;Ford Koch;;Am;;Copeland Motorsports;Toyota Gazoo Racing;FF;43.692;50.424;51.730;17.598;17.598;26.094;43.692;28.406;1:12.098;22.018;1:34.116;32.464;2:06.580;19.266;2:25.846;
31;1;1;2:54.245;0;;1:09.535;0;51.507;0;53.203;0;124.4;2:54.245;08:47:54.245;1:09.535;0:51.507;0:53.203;;Jackson Tovo;0:00:28.206;Am;;Nitro Motorsports;Toyota Gazoo Racing;GF;69.535;51.507;53.203;43.130;43.130;26.405;1:09.535;29.343;1:38.878;22.164;2:01.042;33.010;2:34.052;20.193;2:54.245;
31;1;2;2:33.487;0;;43.277;0;52.178;0;58.032;0;141.2;5:27.732;08:50:27.732;0:43.277;0:52.178;0:58.032;;Jackson Tovo;;Am;;Nitro Motorsports;Toyota Gazoo Racing;GF;43.277;52.178;58.032;17.605;17.605;25.672;43.277;28.996;1:12.273;23.182;1:35.455;38.303;2:13.758;19.729;2:33.487;
31;1;3;2:27.305;0;;43.365;0;51.351;0;52.589;0;147.1;7:55.037;08:52:55.037;0:43.365;0:51.351;0:52.589;;Jackson Tovo;;Am;;Nitro Motorsports;Toyota Gazoo Racing;GF;43.365;51.351;52.589;17.544;17.544;25.821;43.365;29.050;1:12.415;22.301;1:34.716;33.006;2:07.722;19.583;2:27.305;
31;1;4;2:26.195;0;;43.307;0;50.777;0;52.111;2;148.2;10:21.232;08:55:21.232;0:43.307;0:50.777;0:52.111;;Jackson Tovo;;Am;;Nitro Motorsports;Toyota Gazoo Racing;GF;43.307;50.777;52.111;17.551;17.551;25.756;43.307;28.790;1:12.097;21.987;1:34.084;32.745;2:06.829;19.366;2:26.195;
31;1;5;2:32.261;0;;43.373;0;51.167;0;57.721;0;142.3;12:53.493;08:57:53.493;0:43.373;0:51.167;0:57.721;;Jackson Tovo;;Am;;Nitro Motorsports;Toyota Gazoo Racing;GF;43.373;51.167;57.721;17.449;17.449;25.924;43.373;28.708;1:12.081;22.459;1:34.540;36.050;2:10.590;21.671;2:32.261;
31;1;6;2:25.817;2;;43.105;2;50.523;2;52.189;0;148.6;15:19.310;09:00:19.310;0:43.105;0:50.523;0:52.189;;Jackson Tovo;;Am;;Nitro Motorsports;Toyota Gazoo Racing;FF;43.105;50.523;52.189;17.525;17.525;25.580;43.105;28.531;1:11.636;21.992;1:33.628;32.768;2:06.396;19.421;2:25.817;
41;1;1;2:44.347;0;;1:00.541;0;51.364;0;52.442;0;131.8;2:44.347;08:47:44.347;1:00.541;0:51.364;0:52.442;;Jenson Sofronas;0:00:18.513;Am;;Copeland Motorsports;Toyota Gazoo Racing;GF;60.541;51.364;52.442;33.351;33.351;27.190;1:00.541;29.163;1:29.704;22.201;1:51.905;32.891;2:24.796;19.551;2:44.347;
41;1;2;2:26.459;0;;43.714;0;50.623;2;52.122;0;147.9;5:10.806;08:50:10.806;0:43.714;0:50.623;0:52.122;;Jenson Sofronas;;Am;;Copeland Motorsports;Toyota Gazoo Racing;GF;43.714;50.623;52.122;17.687;17.687;26.027;43.714;28.601;1:12.315;22.022;1:34.337;32.751;2:07.088;19.371;2:26.459;
41;1;3;2:26.820;0;;43.550;2;51.583;0;51.687;2;147.6;7:37.626;08:52:37.626;0:43.550;0:51.583;0:51.687;;Jenson Sofronas;;Am;;Copeland Motorsports;Toyota Gazoo Racing;GF;43.550;51.583;51.687;17.663;17.663;25.887;43.550;29.587;1:13.137;21.996;1:35.133;32.476;2:07.609;19.211;2:26.820;
41;1;4;2:26.284;2;;43.575;0;50.854;0;51.855;0;148.1;10:03.910;08:55:03.910;0:43.575;0:50.854;0:51.855;;Jenson Sofronas;;Am;;Copeland Motorsports;Toyota Gazoo Racing;GF;43.575;50.854;51.855;17.486;17.486;26.089;43.575;28.477;1:12.052;22.377;1:34.429;32.611;2:07.040;19.244;2:26.284;
41;1;5;2:27.553;0;;43.784;0;51.973;0;51.796;0;146.9;12:31.463;08:57:31.463;0:43.784;0:51.973;0:51.796;;Jenson Sofronas;;Am;;Copeland Motorsports;Toyota Gazoo Racing;GF;43.784;51.973;51.796;17.707;17.707;26.077;43.784;29.790;1:13.574;22.183;1:35.757;32.537;2:08.294;19.259;2:27.553;
41;1;6;2:28.854;0;;43.552;0;51.797;0;53.505;0;145.6;15:00.317;09:00:00.317;0:43.552;0:51.797;0:53.505;;Jenson Sofronas;;Am;;Copeland Motorsports;Toyota Gazoo Racing;FF;43.552;51.797;53.505;17.493;17.493;26.059;43.552;29.037;1:12.589;22.760;1:35.349;34.221;2:09.570;19.284;2:28.854;
46;1;1;2:48.822;0;;1:04.799;0;51.361;0;52.662;0;128.3;2:48.822;08:47:48.822;1:04.799;0:51.361;0:52.662;;Lucas Weisenberg;0:00:23.330;Am;;Lucas Racing;Toyota Gazoo Racing;GF;64.799;51.361;52.662;38.158;38.158;26.641;1:04.799;28.966;1:33.765;22.395;1:56.160;33.326;2:29.486;19.336;2:48.822;
46;1;2;2:24.247;0;;42.630;3;50.025;2;51.592;0;150.2;5:13.069;08:50:13.069;0:42.630;0:50.025;0:51.592;;Lucas Weisenberg;;Am;;Lucas Racing;Toyota Gazoo Racing;GF;42.630;50.025;51.592;17.207;17.207;25.423;42.630;28.287;1:10.917;21.738;1:32.655;32.459;2:05.114;19.133;2:24.247;
46;1;3;2:26.109;0;;43.000;0;51.412;0;51.697;0;148.3;7:39.178;08:52:39.178;0:43.000;0:51.412;0:51.697;;Lucas Weisenberg;;Am;;Lucas Racing;Toyota Gazoo Racing;GF;43.000;51.412;51.697;17.448;17.448;25.552;43.000;29.195;1:12.195;22.217;1:34.412;32.540;2:06.952;19.157;2:26.109;
46;1;4;2:24.219;2;;42.685;0;50.051;0;51.483;2;150.2;10:03.397;08:55:03.397;0:42.685;0:50.051;0:51.483;;Lucas Weisenberg;;Am;;Lucas Racing;Toyota Gazoo Racing;GF;42.685;50.051;51.483;17.277;17.277;25.408;42.685;28.097;1:10.782;21.954;1:32.736;32.322;2:05.058;19.161;2:24.219;
46;1;5;2:24.871;0;;42.938;0;50.225;0;51.708;0;149.6;12:28.268;08:57:28.268;0:42.938;0:50.225;0:51.708;;Lucas Weisenberg;;Am;;Lucas Racing;Toyota Gazoo Racing;GF;42.938;50.225;51.708;17.330;17.330;25.608;42.938;28.334;1:11.272;21.891;1:33.163;32.495;2:05.658;19.213;2:24.871;
46;1;6;2:41.894;0;B;45.849;0;50.757;0;1:05.288;0;133.8;15:10.162;09:00:10.162;0:45.849;0:50.757;1:05.288;;Lucas Weisenberg;;Am;;Lucas Racing;Toyota Gazoo Racing;FF;45.849;50.757;65.288;17.861;17.861;27.988;45.849;28.577;1:14.426;22.180;1:36.606;33.063;2:09.669;32.225;2:41.894;
47;1;1;2:53.129;0;;1:08.384;0;51.726;0;53.019;0;125.2;2:53.129;08:47:53.129;1:08.384;0:51.726;0:53.019;;Ayden Kirk;0:00:26.267;Am;;TechSport;Toyota Gazoo Racing;GF;68.384;51.726;53.019;41.380;41.380;27.004;1:08.384;29.305;1:37.689;22.421;2:00.110;33.540;2:33.650;19.479;2:53.129;
47;1;2;2:26.392;0;;43.862;0;50.583;0;51.947;0;148.0;5:19.521;08:50:19.521;0:43.862;0:50.583;0:51.947;;Ayden Kirk;;Am;;TechSport;Toyota Gazoo Racing;GF;43.862;50.583;51.947;17.674;17.674;26.188;43.862;28.581;1:12.443;22.002;1:34.445;32.644;2:07.089;19.303;2:26.392;
47;1;3;2:26.604;0;;44.404;0;50.392;0;51.808;2;147.8;7:46.125;08:52:46.125;0:44.404;0:50.392;0:51.808;;Ayden Kirk;;Am;;TechSport;Toyota Gazoo Racing;GF;44.404;50.392;51.808;18.263;18.263;26.141;44.404;28.327;1:12.731;22.065;1:34.796;32.599;2:07.395;19.209;2:26.604;
47;1;4;2:26.193;0;;43.443;2;50.559;0;52.191;0;148.2;10:12.318;08:55:12.318;0:43.443;0:50.559;0:52.191;;Ayden Kirk;;Am;;TechSport;Toyota Gazoo Racing;GF;43.443;50.559;52.191;17.494;17.494;25.949;43.443;28.458;1:11.901;22.101;1:34.002;32.879;2:06.881;19.312;2:26.193;
47;1;5;2:26.317;0;;43.815;0;50.312;2;52.190;0;148.1;12:38.635;08:57:38.635;0:43.815;0:50.312;0:52.190;;Ayden Kirk;;Am;;TechSport;Toyota Gazoo Racing;GF;43.815;50.312;52.190;17.682;17.682;26.133;43.815;28.362;1:12.177;21.950;1:34.127;32.820;2:06.947;19.370;2:26.317;
47;1;6;2:26.169;2;;43.646;0;50.487;0;52.036;0;148.2;15:04.804;09:00:04.804;0:43.646;0:50.487;0:52.036;;Ayden Kirk;;Am;;TechSport;Toyota Gazoo Racing;FF;43.646;50.487;52.036;17.682;17.682;25.964;43.646;28.375;1:12.021;22.112;1:34.133;32.668;2:06.801;19.368;2:26.169;
5;1;1;2:45.089;0;;1:00.925;0;51.269;0;52.895;0;131.3;2:45.089;08:47:45.089;1:00.925;0:51.269;0:52.895;;Beltre Curtis;0:00:19.033;Am;;Copeland Motorsports;Toyota Gazoo Racing;GF;60.925;51.269;52.895;34.103;34.103;26.822;1:00.925;29.298;1:30.223;21.971;1:52.194;33.257;2:25.451;19.638;2:45.089;
5;1;2;2:27.306;0;;43.629;0;51.619;0;52.058;0;147.1;5:12.395;08:50:12.395;0:43.629;0:51.619;0:52.058;;Beltre Curtis;;Am;;Copeland Motorsports;Toyota Gazoo Racing;GF;43.629;51.619;52.058;17.464;17.464;26.165;43.629;29.128;1:12.757;22.491;1:35.248;32.384;2:07.632;19.674;2:27.306;
5;1;3;2:27.392;0;;43.559;2;51.528;0;52.305;0;147.0;7:39.787;08:52:39.787;0:43.559;0:51.528;0:52.305;;Beltre Curtis;;Am;;Copeland Motorsports;Toyota Gazoo Racing;GF;43.559;51.528;52.305;17.558;17.558;26.001;43.559;29.239;1:12.798;22.289;1:35.087;33.000;2:08.087;19.305;2:27.392;
5;1;4;2:28.821;0;;45.078;0;50.376;0;53.367;0;145.6;10:08.608;08:55:08.608;0:45.078;0:50.376;0:53.367;;Beltre Curtis;;Am;;Copeland Motorsports;Toyota Gazoo Racing;GF;45.078;50.376;53.367;18.696;18.696;26.382;45.078;28.462;1:13.540;21.914;1:35.454;33.924;2:09.378;19.443;2:28.821;
5;1;5;2:27.868;0;;44.301;0;51.450;0;52.117;0;146.5;12:36.476;08:57:36.476;0:44.301;0:51.450;0:52.117;;Beltre Curtis;;Am;;Copeland Motorsports;Toyota Gazoo Racing;GF;44.301;51.450;52.117;18.225;18.225;26.076;44.301;29.255;1:13.556;22.195;1:35.751;32.568;2:08.319;19.549;2:27.868;
5;1;6;2:26.520;2;;44.196;0;50.332;2;51.992;2;147.9;15:02.996;09:00:02.996;0:44.196;0:50.332;0:51.992;;Beltre Curtis;;Am;;Copeland Motorsports;Toyota Gazoo Racing;FF;44.196;50.332;51.992;17.945;17.945;26.251;44.196;28.572;1:12.768;21.760;1:34.528;32.603;2:07.131;19.389;2:26.520;
51;1;1;2:50.798;0;;1:05.744;0;52.339;0;52.715;0;126.9;2:50.798;08:47:50.798;1:05.744;0:52.339;0:52.715;;Massimo Sunseri;0:00:22.882;Am;;BSI Racing;Toyota Gazoo Racing;GF;65.744;52.339;52.715;38.050;38.050;27.694;1:05.744;30.073;1:35.817;22.266;1:58.083;33.053;2:31.136;19.662;2:50.798;
51;1;2;2:28.260;0;;44.071;0;51.081;0;53.108;0;146.2;5:19.058;08:50:19.058;0:44.071;0:51.081;0:53.108;;Massimo Sunseri;;Am;;BSI Racing;Toyota Gazoo Racing;GF;44.071;51.081;53.108;18.259;18.259;25.812;44.071;28.920;1:12.991;22.161;1:35.152;33.177;2:08.329;19.931;2:28.260;
51;1;3;2:28.417;0;;45.093;0;51.072;2;52.252;2;146.0;7:47.475;08:52:47.475;0:45.093;0:51.072;0:52.252;;Massimo Sunseri;;Am;;BSI Racing;Toyota Gazoo Racing;GF;45.093;51.072;52.252;18.640;18.640;26.453;45.093;29.074;1:14.167;21.998;1:36.165;32.807;2:08.972;19.445;2:28.417;
51;1;4;2:27.857;2;;43.679;2;51.331;0;52.847;0;146.5;10:15.332;08:55:15.332;0:43.679;0:51.331;0:52.847;;Massimo Sunseri;;Am;;BSI Racing;Toyota Gazoo Racing;GF;43.679;51.331;52.847;17.699;17.699;25.980;43.679;29.190;1:12.869;22.141;1:35.010;33.078;2:08.088;19.769;2:27.857;
51;1;5;2:28.541;0;;44.615;0;51.393;0;52.533;0;145.9;12:43.873;08:57:43.873;0:44.615;0:51.393;0:52.533;;Massimo Sunseri;;Am;;BSI Racing;Toyota Gazoo Racing;GF;44.615;51.393;52.533;18.378;18.378;26.237;44.615;29.176;1:13.791;22.217;1:36.008;33.078;2:09.086;19.455;2:28.541;
51;1;6;2:28.637;0;;44.293;0;51.244;0;53.100;0;145.8;15:12.510;09:00:12.510;0:44.293;0:51.244;0:53.100;;Massimo Sunseri;;Am;;BSI Racing;Toyota Gazoo Racing;FF;44.293;51.244;53.100;17.897;17.897;26.396;44.293;29.189;1:13.482;22.055;1:35.537;33.293;2:08.830;19.807;2:28.637;
55;1;1;2:48.187;0;;1:03.017;0;52.536;0;52.634;0;128.8;2:48.187;08:47:48.187;1:03.017;0:52.536;0:52.634;;Spike Kohlbecker;0:00:20.934;Am;;RVA Graphics Motorsports by Speed Syndicate;Toyota Gazoo Racing;GF;63.017;52.536;52.634;36.228;36.228;26.789;1:03.017;29.624;1:32.641;22.912;1:55.553;33.281;2:28.834;19.353;2:48.187;
55;1;2;2:24.773;2;;43.117;0;49.988;2;51.668;2;149.7;5:12.960;08:50:12.960;0:43.117;0:49.988;0:51.668;;Spike Kohlbecker;;Am;;RVA Graphics Motorsports by Speed Syndicate;Toyota Gazoo Racing;GF;43.117;49.988;51.668;17.567;17.567;25.550;43.117;28.106;1:11.223;21.882;1:33.105;32.446;2:05.551;19.222;2:24.773;
55;1;3;2:28.437;0;;43.854;0;51.407;0;53.176;0;146.0;7:41.397;08:52:41.397;0:43.854;0:51.407;0:53.176;;Spike Kohlbecker;;Am;;RVA Graphics Motorsports by Speed Syndicate;Toyota Gazoo Racing;GF;43.854;51.407;53.176;17.758;17.758;26.096;43.854;29.102;1:12.956;22.305;1:35.261;33.560;2:08.821;19.616;2:28.437;
55;1;4;2:25.216;0;;43.241;0;50.240;0;51.735;0;149.2;10:06.613;08:55:06.613;0:43.241;0:50.240;0:51.735;;Spike Kohlbecker;;Am;;RVA Graphics Motorsports by Speed Syndicate;Toyota Gazoo Racing;GF;43.241;50.240;51.735;17.449;17.449;25.792;43.241;28.395;1:11.636;21.845;1:33.481;32.513;2:05.994;19.222;2:25.216;
55;1;5;2:26.007;0;;43.107;0;50.374;0;52.526;0;148.4;12:32.620;08:57:32.620;0:43.107;0:50.374;0:52.526;;Spike Kohlbecker;;Am;;RVA Graphics Motorsports by Speed Syndicate;Toyota Gazoo Racing;GF;43.107;50.374;52.526;17.456;17.456;25.651;43.107;28.289;1:11.396;22.085;1:33.481;32.805;2:06.286;19.721;2:26.007;
55;1;6;2:25.916;0;;43.048;2;51.050;0;51.818;0;148.5;14:58.536;08:59:58.536;0:43.048;0:51.050;0:51.818;;Spike Kohlbecker;;Am;;RVA Graphics Motorsports by Speed Syndicate;Toyota Gazoo Racing;GF;43.048;51.050;51.818;17.409;17.409;25.639;43.048;28.427;1:11.475;22.623;1:34.098;32.588;2:06.686;19.230;2:25.916;
55;1;7;2:25.360;0;;43.187;0;50.293;0;51.880;0;149.1;17:23.896;09:02:23.896;0:43.187;0:50.293;0:51.880;;Spike Kohlbecker;;Am;;RVA Graphics Motorsports by Speed Syndicate;Toyota Gazoo Racing;FF;43.187;50.293;51.880;17.458;17.458;25.729;43.187;28.361;1:11.548;21.932;1:33.480;32.587;2:06.067;19.293;2:25.360;
7;1;1;2:40.730;0;;57.426;0;50.798;0;52.506;0;134.8;2:40.730;08:47:40.730;0:57.426;0:50.798;0:52.506;;Jaxon Bell;0:00:15.611;Am;;Copeland Motorsports;Toyota Gazoo Racing;GF;57.426;50.798;52.506;30.749;30.749;26.677;57.426;28.876;1:26.302;21.922;1:48.224;33.132;2:21.356;19.374;2:40.730;
7;1;2;2:24.579;0;;42.943;0;50.052;0;51.584;0;149.9;5:05.309;08:50:05.309;0:42.943;0:50.052;0:51.584;;Jaxon Bell;;Am;;Copeland Motorsports;Toyota Gazoo Racing;GF;42.943;50.052;51.584;17.390;17.390;25.553;42.943;28.176;1:11.119;21.876;1:32.995;32.542;2:05.537;19.042;2:24.579;
7;1;3;2:24.137;2;;42.732;2;49.833;2;51.572;0;150.3;7:29.446;08:52:29.446;0:42.732;0:49.833;0:51.572;;Jaxon Bell;;Am;;Copeland Motorsports;Toyota Gazoo Racing;GF;42.732;49.833;51.572;17.317;17.317;25.415;42.732;28.080;1:10.812;21.753;1:32.565;32.534;2:05.099;19.038;2:24.137;
7;1;4;2:39.481;0;;50.626;0;55.809;0;53.046;0;135.9;10:08.927;08:55:08.927;0:50.626;0:55.809;0:53.046;;Jaxon Bell;;Am;;Copeland Motorsports;Toyota Gazoo Racing;GF;50.626;55.809;53.046;19.098;19.098;31.528;50.626;32.478;1:23.104;23.331;1:46.435;34.004;2:20.439;19.042;2:39.481;
7;1;5;2:24.674;0;;42.978;0;50.134;0;51.562;2;149.8;12:33.601;08:57:33.601;0:42.978;0:50.134;0:51.562;;Jaxon Bell;;Am;;Copeland Motorsports;Toyota Gazoo Racing;GF;42.978;50.134;51.562;17.548;17.548;25.430;42.978;28.167;1:11.145;21.967;1:33.112;32.347;2:05.459;19.215;2:24.674;
7;1;6;2:29.054;0;;42.733;0;51.357;0;54.964;0;145.4;15:02.655;09:00:02.655;0:42.733;0:51.357;0:54.964;;Jaxon Bell;;Am;;Copeland Motorsports;Toyota Gazoo Racing;FF;42.733;51.357;54.964;17.287;17.287;25.446;42.733;28.142;1:10.875;23.215;1:34.090;34.769;2:08.859;20.195;2:29.054;
71;1;1;2:52.160;0;;1:07.972;0;51.682;0;52.506;0;125.9;2:52.160;08:47:52.160;1:07.972;0:51.682;0:52.506;;Christian Weir;0:00:25.789;Am;;TechSport;Toyota Gazoo Racing;GF;67.972;51.682;52.506;40.830;40.830;27.142;1:07.972;29.421;1:37.393;22.261;1:59.654;33.031;2:32.685;19.475;2:52.160;
71;1;2;2:27.160;0;;44.479;0;50.742;0;51.939;2;147.2;5:19.320;08:50:19.320;0:44.479;0:50.742;0:51.939;;Christian Weir;;Am;;TechSport;Toyota Gazoo Racing;GF;44.479;50.742;51.939;17.624;17.624;26.855;44.479;28.588;1:13.067;22.154;1:35.221;32.670;2:07.891;19.269;2:27.160;
71;1;3;2:26.054;0;;43.408;0;50.605;0;52.041;0;148.4;7:45.374;08:52:45.374;0:43.408;0:50.605;0:52.041;;Christian Weir;;Am;;TechSport;Toyota Gazoo Racing;GF;43.408;50.605;52.041;17.676;17.676;25.732;43.408;28.600;1:12.008;22.005;1:34.013;32.766;2:06.779;19.275;2:26.054;
71;1;4;2:25.871;2;;43.295;0;50.529;2;52.047;0;148.5;10:11.245;08:55:11.245;0:43.295;0:50.529;0:52.047;;Christian Weir;;Am;;TechSport;Toyota Gazoo Racing;GF;43.295;50.529;52.047;17.502;17.502;25.793;43.295;28.409;1:11.704;22.120;1:33.824;32.686;2:06.510;19.361;2:25.871;
71;1;5;2:26.102;0;;43.085;2;50.609;0;52.408;0;148.3;12:37.347;08:57:37.347;0:43.085;0:50.609;0:52.408;;Christian Weir;;Am;;TechSport;Toyota Gazoo Racing;GF;43.085;50.609;52.408;17.387;17.387;25.698;43.085;28.553;1:11.638;22.056;1:33.694;32.689;2:06.383;19.719;2:26.102;
71;1;6;2:27.180;0;;43.571;0;50.578;0;53.031;0;147.2;15:04.527;09:00:04.527;0:43.571;0:50.578;0:53.031;;Christian Weir;;Am;;TechSport;Toyota Gazoo Racing;FF;43.571;50.578;53.031;17.479;17.479;26.092;43.571;28.629;1:12.200;21.949;1:34.149;33.448;2:07.597;19.583;2:27.180;
72;1;1;2:49.766;0;;1:06.296;0;51.253;0;52.217;0;127.6;2:49.766;08:47:49.766;1:06.296;0:51.253;0:52.217;;Ethan Goulart;0:00:24.280;Am;;TechSport;Toyota Gazoo Racing;GF;66.296;51.253;52.217;39.463;39.463;26.833;1:06.296;29.130;1:35.426;22.123;1:57.549;32.797;2:30.346;19.420;2:49.766;
72;1;2;2:24.708;2;;42.929;0;50.198;0;51.581;0;149.7;5:14.474;08:50:14.474;0:42.929;0:50.198;0:51.581;;Ethan Goulart;;Am;;TechSport;Toyota Gazoo Racing;GF;42.929;50.198;51.581;17.382;17.382;25.547;42.929;28.364;1:11.293;21.834;1:33.127;32.481;2:05.608;19.100;2:24.708;
72;1;3;2:25.668;0;;42.872;2;50.234;0;52.562;0;148.8;7:40.142;08:52:40.142;0:42.872;0:50.234;0:52.562;;Ethan Goulart;;Am;;TechSport;Toyota Gazoo Racing;GF;42.872;50.234;52.562;17.331;17.331;25.541;42.872;28.164;1:11.036;22.070;1:33.106;33.255;2:06.361;19.307;2:25.668;
72;1;4;2:24.822;0;;43.326;0;50.176;0;51.320;2;149.6;10:04.964;08:55:04.964;0:43.326;0:50.176;0:51.320;;Ethan Goulart;;Am;;TechSport;Toyota Gazoo Racing;GF;43.326;50.176;51.320;17.550;17.550;25.776;43.326;28.377;1:11.703;21.799;1:33.502;32.175;2:05.677;19.145;2:24.822;
72;1;5;2:25.455;0;;43.039;0;50.577;0;51.839;0;149.0;12:30.419;08:57:30.419;0:43.039;0:50.577;0:51.839;;Ethan Goulart;;Am;;TechSport;Toyota Gazoo Racing;GF;43.039;50.577;51.839;17.279;17.279;25.760;43.039;28.589;1:11.628;21.988;1:33.616;32.623;2:06.239;19.216;2:25.455;
72;1;6;2:25.560;0;;43.137;0;50.366;0;52.057;0;148.9;14:55.979;08:59:55.979;0:43.137;0:50.366;0:52.057;;Ethan Goulart;;Am;;TechSport;Toyota Gazoo Racing;GF;43.137;50.366;52.057;17.427;17.427;25.710;43.137;28.224;1:11.361;22.142;1:33.503;32.794;2:06.297;19.263;2:25.560;
72;1;7;2:24.925;0;;43.218;0;50.138;2;51.569;0;149.5;17:20.904;09:02:20.904;0:43.218;0:50.138;0:51.569;;Ethan Goulart;;Am;;TechSport;Toyota Gazoo Racing;FF;43.218;50.138;51.569;17.454;17.454;25.764;43.218;28.309;1:11.527;21.829;1:33.356;32.409;2:05.765;19.160;2:24.925;
78;1;1;2:52.774;0;;1:09.286;0;50.926;0;52.562;0;125.4;2:52.774;08:47:52.774;1:09.286;0:50.926;0:52.562;;Ethan Ayars;0:00:27.517;Am;;Nitro Motorsports;Toyota Gazoo Racing;GF;69.286;50.926;52.562;42.591;42.591;26.695;1:09.286;28.860;1:38.146;22.066;2:00.212;33.245;2:33.457;19.317;2:52.774;
78;1;2;2:25.814;0;;43.549;0;49.962;2;52.303;0;148.6;5:18.588;08:50:18.588;0:43.549;0:49.962;0:52.303;;Ethan Ayars;;Am;;Nitro Motorsports;Toyota Gazoo Racing;GF;43.549;49.962;52.303;17.372;17.372;26.177;43.549;28.294;1:11.843;21.668;1:33.511;32.914;2:06.425;19.389;2:25.814;
78;1;3;2:25.764;0;;43.263;0;50.519;0;51.982;0;148.7;7:44.352;08:52:44.352;0:43.263;0:50.519;0:51.982;;Ethan Ayars;;Am;;Nitro Motorsports;Toyota Gazoo Racing;GF;43.263;50.519;51.982;17.581;17.581;25.682;43.263;28.461;1:11.724;22.058;1:33.782;32.707;2:06.489;19.275;2:25.764;
78;1;4;2:26.222;0;;43.139;0;50.199;0;52.884;0;148.2;10:10.574;08:55:10.574;0:43.139;0:50.199;0:52.884;;Ethan Ayars;;Am;;Nitro Motorsports;Toyota Gazoo Racing;GF;43.139;50.199;52.884;17.393;17.393;25.746;43.139;28.355;1:11.494;21.844;1:33.338;33.167;2:06.505;19.717;2:26.222;
78;1;5;2:25.376;0;;43.066;0;50.335;0;51.975;0;149.0;12:35.950;08:57:35.950;0:43.066;0:50.335;0:51.975;;Ethan Ayars;;Am;;Nitro Motorsports;Toyota Gazoo Racing;GF;43.066;50.335;51.975;17.328;17.328;25.738;43.066;28.383;1:11.449;21.952;1:33.401;32.739;2:06.140;19.236;2:25.376;
78;1;6;2:25.033;2;;43.023;2;50.225;0;51.785;2;149.4;15:00.983;09:00:00.983;0:43.023;0:50.225;0:51.785;;Ethan Ayars;;Am;;Nitro Motorsports;Toyota Gazoo Racing;FF;43.023;50.225;51.785;17.310;17.310;25.713;43.023;28.276;1:11.299;21.949;1:33.248;32.509;2:05.757;19.276;2:25.033;
80;1;1;3:13.887;0;B;1:12.957;0;51.857;0;1:09.073;0;111.8;3:13.887;08:48:13.887;1:12.957;0:51.857;1:09.073;;Paityn Feyen;0:00:30.402;Am;;Nitro Motorsports;Toyota Gazoo Racing;GF;72.957;51.857;69.073;45.774;45.774;27.183;1:12.957;29.490;1:42.447;22.367;2:04.814;34.930;2:39.744;34.143;3:13.887;
80;1;2;2:54.286;0;;1:09.686;0;51.444;0;53.156;0;124.3;6:08.173;08:51:08.173;1:09.686;0:51.444;0:53.156;;Paityn Feyen;0:00:39.785;Am;;Nitro Motorsports;Toyota Gazoo Racing;GF;69.686;51.444;53.156;43.125;43.125;26.561;1:09.686;29.288;1:38.974;22.156;2:01.130;33.561;2:34.691;19.595;2:54.286;
80;1;3;2:27.655;0;;43.927;0;51.025;0;52.703;0;146.7;8:35.828;08:53:35.828;0:43.927;0:51.025;0:52.703;;Paityn Feyen;;Am;;Nitro Motorsports;Toyota Gazoo Racing;GF;43.927;51.025;52.703;17.740;17.740;26.187;43.927;28.995;1:12.922;22.030;1:34.952;33.369;2:08.321;19.334;2:27.655;
80;1;4;2:27.489;2;;43.757;2;50.860;0;52.872;0;146.9;11:03.317;08:56:03.317;0:43.757;0:50.860;0:52.872;;Paityn Feyen;;Am;;Nitro Motorsports;Toyota Gazoo Racing;GF;43.757;50.860;52.872;17.602;17.602;26.155;43.757;28.788;1:12.545;22.072;1:34.617;33.490;2:08.107;19.382;2:27.489;
80;1;5;2:27.495;0;;43.967;0;50.788;2;52.740;0;146.9;13:30.812;08:58:30.812;0:43.967;0:50.788;0:52.740;;Paityn Feyen;;Am;;Nitro Motorsports;Toyota Gazoo Racing;GF;43.967;50.788;52.740;17.523;17.523;26.444;43.967;28.741;1:12.708;22.047;1:34.755;33.292;2:08.047;19.448;2:27.495;
80;1;6;2:27.571;0;;44.086;0;51.213;0;52.272;2;146.8;15:58.383;09:00:58.383;0:44.086;0:51.213;0:52.272;;Paityn Feyen;;Am;;Nitro Motorsports;Toyota Gazoo Racing;FF;44.086;51.213;52.272;17.521;17.521;26.565;44.086;29.211;1:13.297;22.002;1:35.299;32.952;2:08.251;19.320;2:27.571;
88;1;1;2:57.881;0;;1:13.437;0;51.551;0;52.893;0;121.8;2:57.881;08:47:57.881;1:13.437;0:51.551;0:52.893;;Zach Hollingshead;0:00:31.570;Am;;PT Autosport with Copeland Motorsports;Toyota Gazoo Racing;GF;73.437;51.551;52.893;46.784;46.784;26.653;1:13.437;29.376;1:42.813;22.175;2:04.988;33.610;2:38.598;19.283;2:57.881;
88;1;2;2:26.339;0;;43.237;0;50.947;0;52.155;0;148.1;5:24.220;08:50:24.220;0:43.237;0:50.947;0:52.155;;Zach Hollingshead;;Am;;PT Autosport with Copeland Motorsports;Toyota Gazoo Racing;GF;43.237;50.947;52.155;17.520;17.520;25.717;43.237;28.554;1:11.791;22.393;1:34.184;32.771;2:06.955;19.384;2:26.339;
88;1;3;2:25.763;2;;43.226;0;50.437;2;52.100;0;148.7;7:49.983;08:52:49.983;0:43.226;0:50.437;0:52.100;;Zach Hollingshead;;Am;;PT Autosport with Copeland Motorsports;Toyota Gazoo Racing;GF;43.226;50.437;52.100;17.593;17.593;25.633;43.226;28.388;1:11.614;22.049;1:33.663;32.826;2:06.489;19.274;2:25.763;
88;1;4;2:28.033;0;;43.001;2;50.473;0;54.559;0;146.4;10:18.016;08:55:18.016;0:43.001;0:50.473;0:54.559;;Zach Hollingshead;;Am;;PT Autosport with Copeland Motorsports;Toyota Gazoo Racing;GF;43.001;50.473;54.559;17.434;17.434;25.567;43.001;28.455;1:11.456;22.018;1:33.474;34.632;2:08.106;19.927;2:28.033;
88;1;5;2:31.085;0;;48.097;0;51.094;0;51.894;2;143.4;12:49.101;08:57:49.101;0:48.097;0:51.094;0:51.894;;Zach Hollingshead;;Am;;PT Autosport with Copeland Motorsports;Toyota Gazoo Racing;GF;48.097;51.094;51.894;17.433;17.433;30.664;48.097;28.990;1:17.087;22.104;1:39.191;32.537;2:11.728;19.357;2:31.085;
88;1;6;2:25.829;0;;43.299;0;50.508;0;52.022;0;148.6;15:14.930;09:00:14.930;0:43.299;0:50.508;0:52.022;;Zach Hollingshead;;Am;;PT Autosport with Copeland Motorsports;Toyota Gazoo Racing;FF;43.299;50.508;52.022;17.543;17.543;25.756;43.299;28.551;1:11.850;21.957;1:33.807;32.713;2:06.520;19.309;2:25.829;
98;1;1;3:48.593;0;;2:02.708;0;52.774;0;53.111;0;94.8;3:48.593;08:48:48.593;2:02.708;0:52.774;0:53.111;;Max Schweid;0:01:17.021;Am;;TechSport;Toyota Gazoo Racing;GF;122.708;52.774;53.111;1:33.819;1:33.819;28.889;2:02.708;30.528;2:33.236;22.246;2:55.482;33.260;3:28.742;19.851;3:48.593;
98;1;2;2:26.155;0;;43.414;0;50.562;0;52.179;0;148.3;6:14.748;08:51:14.748;0:43.414;0:50.562;0:52.179;;Max Schweid;;Am;;TechSport;Toyota Gazoo Racing;GF;43.414;50.562;52.179;17.533;17.533;25.881;43.414;28.352;1:11.766;22.210;1:33.976;32.910;2:06.886;19.269;2:26.155;
98;1;3;2:25.686;0;;43.287;0;50.453;0;51.946;0;148.7;8:40.434;08:53:40.434;0:43.287;0:50.453;0:51.946;;Max Schweid;;Am;;TechSport;Toyota Gazoo Racing;GF;43.287;50.453;51.946;17.501;17.501;25.786;43.287;28.556;1:11.843;21.897;1:33.740;32.753;2:06.493;19.193;2:25.686;
98;1;4;2:25.843;0;;43.471;0;50.393;0;51.979;0;148.6;11:06.277;08:56:06.277;0:43.471;0:50.393;0:51.979;;Max Schweid;;Am;;TechSport;Toyota Gazoo Racing;GF;43.471;50.393;51.979;17.475;17.475;25.996;43.471;28.411;1:11.882;21.982;1:33.864;32.709;2:06.573;19.270;2:25.843;
98;1;5;2:25.374;2;;43.234;0;50.200;2;51.940;2;149.1;13:31.651;08:58:31.651;0:43.234;0:50.200;0:51.940;;Max Schweid;;Am;;TechSport;Toyota Gazoo Racing;GF;43.234;50.200;51.940;17.382;17.382;25.852;43.234;28.255;1:11.489;21.945;1:33.434;32.678;2:06.112;19.262;2:25.374;
98;1;6;2:25.598;0;;43.210;2;50.351;0;52.037;0;148.8;15:57.249;09:00:57.249;0:43.210;0:50.351;0:52.037;;Max Schweid;;Am;;TechSport;Toyota Gazoo Racing;FF;43.210;50.351;52.037;17.354;17.354;25.856;43.210;28.393;1:11.603;21.958;1:33.561;32.742;2:06.303;19.295;2:25.598;
