NUMBER; DRIVER_NUMBER; LAP_NUMBER; LAP_TIME; LAP_IMPROVEMENT; CROSSING_FINISH_LINE_IN_PIT; S1; S1_IMPROVEMENT; S2; S2_IMPROVEMENT; S3; S3_IMPROVEMENT; KPH; ELAPSED; HOUR;S1_LARGE;S2_LARGE;S3_LARGE;TOP_SPEED;DRIVER_NAME;PIT_TIME;CLASS;GROUP;TEAM;MANUFACTURER;FLAG_AT_FL;S1_SECONDS;S2_SECONDS;S3_SECONDS;IM1a_time;IM1a_elapsed;INT-1_time;INT-1_elapsed;IM2a_time;IM2a_elapsed;INT-2_time;INT-2_elapsed;IM3a_time;IM3a_elapsed;FL_time;FL_elapsed;
03;1;1;3:15.748;0;;1:40.297;0;47.264;0;48.187;0;70.6;3:15.748;08:53:15.748;1:40.297;0:47.264;0:48.187;156.1;Karl Forman;0:00:51.725;Am;;Precision Racing LA;Toyota Gazoo Racing;GF;100.297;47.264;48.187;1:12.220;1:12.220;28.077;1:40.297;19.110;1:59.407;28.154;2:27.561;19.619;2:47.180;28.568;3:15.748;
03;1;2;2:18.822;0;;47.888;0;45.956;2;44.978;2;99.5;5:34.570;08:55:34.570;0:47.888;0:45.956;0:44.978;157.2;Karl Forman;;Am;;Precision Racing LA;Toyota Gazoo Racing;GF;47.888;45.956;44.978;20.176;20.176;27.712;47.888;18.621;1:06.509;27.335;1:33.844;17.669;1:51.513;27.309;2:18.822;
03;1;3;2:18.319;2;;46.431;0;46.746;0;45.142;0;99.9;7:52.889;08:57:52.889;0:46.431;0:46.746;0:45.142;158.1;Karl Forman;;Am;;Precision Racing LA;Toyota Gazoo Racing;GF;46.431;46.746;45.142;19.583;19.583;26.848;46.431;18.292;1:04.723;28.454;1:33.177;17.580;1:50.757;27.562;2:18.319;
03;1;4;5:27.352;0;B;46.377;2;48.795;0;3:52.180;0;42.2;13:20.241;09:03:20.241;0:46.377;0:48.795;3:52.180;159.1;Karl Forman;;Am;;Precision Racing LA;Toyota Gazoo Racing;GF;46.377;48.795;232.180;19.559;19.559;26.818;46.377;18.413;1:04.790;30.382;1:35.172;20.962;1:56.134;3:31.218;5:27.352;
03;1;5;2:58.938;0;B;56.911;0;46.270;0;1:15.757;0;77.2;16:19.179;09:06:19.179;0:56.911;0:46.270;1:15.757;151.0;Karl Forman;0:03:19.432;Am;;Precision Racing LA;Toyota Gazoo Racing;FF;56.911;46.270;75.757;29.855;29.855;27.056;56.911;18.588;1:15.499;27.682;1:43.181;18.660;2:01.841;57.097;2:58.938;
11;1;1;3:17.797;0;;1:34.925;0;51.940;0;50.932;0;69.9;3:17.797;08:53:17.797;1:34.925;0:51.940;0:50.932;132.0;Farran Davis*;0:00:41.503;Am;;RVA Graphics Motorsports by Speed Syndicate;Toyota Gazoo Racing;GF;94.925;51.940;50.932;1:03.963;1:03.963;30.962;1:34.925;21.470;1:56.395;30.470;2:26.865;19.693;2:46.558;31.239;3:17.797;
11;1;2;2:29.387;0;;50.788;0;49.905;0;48.694;0;92.5;5:47.184;08:55:47.184;0:50.788;0:49.905;0:48.694;138.1;Farran Davis*;;Am;;RVA Graphics Motorsports by Speed Syndicate;Toyota Gazoo Racing;GF;50.788;49.905;48.694;21.769;21.769;29.019;50.788;20.470;1:11.258;29.435;1:40.693;19.517;2:00.210;29.177;2:29.387;
11;1;3;2:24.791;2;;49.695;2;47.950;2;47.146;2;95.4;8:11.975;08:58:11.975;0:49.695;0:47.950;0:47.146;149.2;Farran Davis*;;Am;;RVA Graphics Motorsports by Speed Syndicate;Toyota Gazoo Racing;GF;49.695;47.950;47.146;21.064;21.064;28.631;49.695;19.719;1:09.414;28.231;1:37.645;18.391;1:56.036;28.755;2:24.791;
11;1;4;5:19.491;0;B;50.974;0;55.428;0;3:33.089;0;43.2;13:31.466;09:03:31.466;0:50.974;0:55.428;3:33.089;144.0;Farran Davis*;;Am;;RVA Graphics Motorsports by Speed Syndicate;Toyota Gazoo Racing;GF;50.974;55.428;213.089;21.639;21.639;29.335;50.974;21.072;1:12.046;34.356;1:46.402;21.138;2:07.540;3:11.951;5:19.491;
11;1;5;2:52.238;0;;1:08.346;0;50.237;0;53.655;0;80.2;16:23.704;09:06:23.704;1:08.346;0:50.237;0:53.655;138.1;Farran Davis*;0:03:05.103;Am;;RVA Graphics Motorsports by Speed Syndicate;Toyota Gazoo Racing;FF;68.346;50.237;53.655;37.541;37.541;30.805;1:08.346;21.454;1:29.800;28.783;1:58.583;19.433;2:18.016;34.222;2:52.238;
113;1;1;2:42.687;0;;1:03.351;0;50.588;0;48.748;0;84.9;2:42.687;08:52:42.687;1:03.351;0:50.588;0:48.748;151.0;Ethan Tovo;0:00:10.167;Am;;Nitro Motorsports;Toyota Gazoo Racing;GF;63.351;50.588;48.748;32.735;32.735;30.616;1:03.351;19.984;1:23.335;30.604;1:53.939;19.486;2:13.425;29.262;2:42.687;
113;1;2;2:24.732;0;;50.641;0;48.295;0;45.796;0;95.5;5:07.419;08:55:07.419;0:50.641;0:48.295;0:45.796;155.2;Ethan Tovo;;Am;;Nitro Motorsports;Toyota Gazoo Racing;GF;50.641;48.295;45.796;22.119;22.119;28.522;50.641;19.862;1:10.503;28.433;1:38.936;18.182;1:57.118;27.614;2:24.732;
113;1;3;2:20.690;2;;47.905;0;46.452;0;46.333;0;98.2;7:28.109;08:57:28.109;0:47.905;0:46.452;0:46.333;156.1;Ethan Tovo;;Am;;Nitro Motorsports;Toyota Gazoo Racing;GF;47.905;46.452;46.333;19.446;19.446;28.459;47.905;19.046;1:06.951;27.406;1:34.357;17.852;1:52.209;28.481;2:20.690;
113;1;4;2:53.909;0;B;47.839;2;45.525;0;1:20.545;0;79.5;10:22.018;09:00:22.018;0:47.839;0:45.525;1:20.545;158.1;Ethan Tovo;;Am;;Nitro Motorsports;Toyota Gazoo Racing;RF;47.839;45.525;80.545;19.838;19.838;28.001;47.839;18.717;1:06.556;26.808;1:33.364;17.875;1:51.239;1:02.670;2:53.909;
113;1;5;5:18.479;0;;3:47.590;0;45.754;2;45.135;2;43.4;15:40.497;09:05:40.497;3:47.590;0:45.754;0:45.135;156.1;Ethan Tovo;0:03:44.079;Am;;Nitro Motorsports;Toyota Gazoo Racing;FF;227.590;45.754;45.135;3:20.060;3:20.060;27.530;3:47.590;18.889;4:06.479;26.865;4:33.344;17.738;4:51.082;27.397;5:18.479;
12;1;1;2:55.442;0;;1:11.295;0;52.559;0;51.588;0;78.8;2:55.442;08:52:55.442;1:11.295;0:52.559;0:51.588;137.1;John Lennon*;0:00:12.423;Am;;Copeland Motorsports;Toyota Gazoo Racing;GF;71.295;52.559;51.588;38.717;38.717;32.578;1:11.295;20.799;1:32.094;31.760;2:03.854;20.328;2:24.182;31.260;2:55.442;
12;1;2;2:31.731;0;;53.283;0;49.657;0;48.791;0;91.1;5:27.173;08:55:27.173;0:53.283;0:49.657;0:48.791;143.0;John Lennon*;;Am;;Copeland Motorsports;Toyota Gazoo Racing;GF;53.283;49.657;48.791;22.748;22.748;30.535;53.283;19.839;1:13.122;29.818;1:42.940;19.098;2:02.038;29.693;2:31.731;
12;1;3;2:28.384;2;;50.824;0;50.904;0;46.656;2;93.1;7:55.557;08:57:55.557;0:50.824;0:50.904;0:46.656;147.1;John Lennon*;;Am;;Copeland Motorsports;Toyota Gazoo Racing;GF;50.824;50.904;46.656;21.467;21.467;29.357;50.824;19.588;1:10.412;31.316;1:41.728;18.681;2:00.409;27.975;2:28.384;
12;1;4;3:02.796;0;B;49.905;2;48.991;0;1:23.900;0;75.6;10:58.353;09:00:58.353;0:49.905;0:48.991;1:23.900;152.1;John Lennon*;;Am;;Copeland Motorsports;Toyota Gazoo Racing;RF;49.905;48.991;83.900;20.820;20.820;29.085;49.905;19.057;1:08.962;29.934;1:38.896;18.743;1:57.639;1:05.157;3:02.796;
12;1;5;5:03.611;0;;3:27.176;0;48.089;2;48.346;0;45.5;16:01.964;09:06:01.964;3:27.176;0:48.089;0:48.346;144.0;John Lennon*;0:03:18.391;Am;;Copeland Motorsports;Toyota Gazoo Racing;FF;207.176;48.089;48.346;2:57.755;2:57.755;29.421;3:27.176;19.390;3:46.566;28.699;4:15.265;18.951;4:34.216;29.395;5:03.611;
13;1;1;2:40.334;0;;1:07.270;0;46.803;0;46.261;0;86.2;2:40.334;08:52:40.334;1:07.270;0:46.803;0:46.261;154.1;Westin Workman;0:00:15.485;Am;;BSI Racing;Toyota Gazoo Racing;GF;67.270;46.803;46.261;38.841;38.841;28.429;1:07.270;18.758;1:26.028;28.045;1:54.073;18.154;2:12.227;28.107;2:40.334;
13;1;2;2:17.974;2;;46.760;2;45.962;0;45.252;0;100.1;4:58.308;08:54:58.308;0:46.760;0:45.962;0:45.252;162.2;Westin Workman;;Am;;BSI Racing;Toyota Gazoo Racing;GF;46.760;45.962;45.252;19.436;19.436;27.324;46.760;18.809;1:05.569;27.153;1:32.722;17.590;1:50.312;27.662;2:17.974;
13;1;3;2:18.553;0;;47.770;0;45.529;2;45.254;0;99.7;7:16.861;08:57:16.861;0:47.770;0:45.529;0:45.254;167.2;Westin Workman;;Am;;BSI Racing;Toyota Gazoo Racing;GF;47.770;45.529;45.254;19.571;19.571;28.199;47.770;18.855;1:06.625;26.674;1:33.299;17.191;1:50.490;28.063;2:18.553;
13;1;4;6:01.474;0;B;47.292;0;46.106;0;4:28.076;0;38.2;13:18.335;09:03:18.335;0:47.292;0:46.106;4:28.076;167.2;Westin Workman;;Am;;BSI Racing;Toyota Gazoo Racing;GF;47.292;46.106;268.076;19.831;19.831;27.461;47.292;18.678;1:05.970;27.428;1:33.398;17.487;1:50.885;4:10.589;6:01.474;
13;1;5;2:26.047;0;;55.643;0;45.628;0;44.776;2;94.6;15:44.382;09:05:44.382;0:55.643;0:45.628;0:44.776;156.1;Westin Workman;0:04:02.241;Am;;BSI Racing;Toyota Gazoo Racing;FF;55.643;45.628;44.776;28.414;28.414;27.229;55.643;18.199;1:13.842;27.429;1:41.271;17.699;1:58.970;27.077;2:26.047;
14;1;1;3:04.771;0;;1:16.230;0;51.173;0;57.368;0;74.8;3:04.771;08:53:04.771;1:16.230;0:51.173;0:57.368;148.1;Alex Garcia;0:00:21.161;Am;;Skip Barber Racing;Toyota Gazoo Racing;GF;76.230;51.173;57.368;44.387;44.387;31.843;1:16.230;19.248;1:35.478;31.925;2:07.403;26.197;2:33.600;31.171;3:04.771;
14;1;2;2:24.557;0;;53.256;0;44.932;2;46.369;0;95.6;5:29.328;08:55:29.328;0:53.256;0:44.932;0:46.369;157.2;Alex Garcia;;Am;;Skip Barber Racing;Toyota Gazoo Racing;GF;53.256;44.932;46.369;25.522;25.522;27.734;53.256;18.248;1:11.504;26.684;1:38.188;17.918;1:56.106;28.451;2:24.557;
14;1;3;2:23.033;2;;49.212;0;48.170;0;45.651;2;96.6;7:52.361;08:57:52.361;0:49.212;0:48.170;0:45.651;156.1;Alex Garcia;;Am;;Skip Barber Racing;Toyota Gazoo Racing;GF;49.212;48.170;45.651;20.021;20.021;29.191;49.212;19.299;1:08.511;28.871;1:37.382;18.143;1:55.525;27.508;2:23.033;
14;1;4;5:30.129;0;B;46.120;2;48.101;0;3:55.908;0;41.9;13:22.490;09:03:22.490;0:46.120;0:48.101;3:55.908;160.0;Alex Garcia;;Am;;Skip Barber Racing;Toyota Gazoo Racing;GF;46.120;48.101;235.908;19.120;19.120;27.000;46.120;18.558;1:04.678;29.543;1:34.221;21.511;1:55.732;3:34.397;5:30.129;
14;1;5;3:01.113;0;B;58.638;0;46.526;0;1:15.949;0;76.3;16:23.603;09:06:23.603;0:58.638;0:46.526;1:15.949;152.1;Alex Garcia;0:03:23.766;Am;;Skip Barber Racing;Toyota Gazoo Racing;FF;58.638;46.526;75.949;30.692;30.692;27.946;58.638;18.396;1:17.034;28.130;1:45.164;18.948;2:04.112;57.001;3:01.113;
15;1;1;2:59.163;0;;1:13.119;0;52.249;0;53.795;0;77.1;2:59.163;08:52:59.163;1:13.119;0:52.249;0:53.795;136.0;Brett Kowalski;0:00:14.855;Am;;TechSport;Toyota Gazoo Racing;GF;73.119;52.249;53.795;40.042;40.042;33.077;1:13.119;20.516;1:33.635;31.733;2:05.368;21.050;2:26.418;32.745;2:59.163;
15;1;2;2:29.576;0;;54.410;0;46.321;2;48.845;0;92.4;5:28.739;08:55:28.739;0:54.410;0:46.321;0:48.845;154.1;Brett Kowalski;;Am;;TechSport;Toyota Gazoo Racing;GF;54.410;46.321;48.845;23.865;23.865;30.545;54.410;18.985;1:13.395;27.336;1:40.731;20.618;2:01.349;28.227;2:29.576;
15;1;3;2:21.108;2;;49.468;0;46.908;0;44.732;2;97.9;7:49.847;08:57:49.847;0:49.468;0:46.908;0:44.732;155.2;Brett Kowalski;;Am;;TechSport;Toyota Gazoo Racing;GF;49.468;46.908;44.732;20.272;20.272;29.196;49.468;19.312;1:08.780;27.596;1:36.376;17.752;1:54.128;26.980;2:21.108;
15;1;4;2:58.839;0;B;47.750;2;48.328;0;1:22.761;0;77.3;10:48.686;09:00:48.686;0:47.750;0:48.328;1:22.761;162.2;Brett Kowalski;;Am;;TechSport;Toyota Gazoo Racing;RF;47.750;48.328;82.761;20.776;20.776;26.974;47.750;18.574;1:06.324;29.754;1:36.078;21.101;1:57.179;1:01.660;2:58.839;
15;1;5;5:52.385;0;B;3:41.291;0;47.937;0;1:23.157;0;39.2;16:41.071;09:06:41.071;3:41.291;0:47.937;1:23.157;152.1;Brett Kowalski;0:03:32.610;Am;;TechSport;Toyota Gazoo Racing;FF;221.291;47.937;83.157;3:13.192;3:13.192;28.099;3:41.291;18.668;3:59.959;29.269;4:29.228;20.175;4:49.403;1:02.982;5:52.385;
16;1;1;2:31.025;0;;56.898;0;47.548;0;46.579;0;91.5;2:31.025;08:52:31.025;0:56.898;0:47.548;0:46.579;153.2;John Dean*;0:00:06.970;Am;;Copeland Motorsports;Toyota Gazoo Racing;GF;56.898;47.548;46.579;27.946;27.946;28.952;56.898;19.246;1:16.144;28.302;1:44.446;17.859;2:02.305;28.720;2:31.025;
16;1;2;2:19.157;0;;47.818;0;45.455;0;45.884;0;99.3;4:50.182;08:54:50.182;0:47.818;0:45.455;0:45.884;159.1;John Dean*;;Am;;Copeland Motorsports;Toyota Gazoo Racing;GF;47.818;45.455;45.884;19.687;19.687;28.131;47.818;18.565;1:06.383;26.890;1:33.273;17.429;1:50.702;28.455;2:19.157;
16;1;3;2:16.942;2;;46.481;2;45.241;0;45.220;0;100.9;7:07.124;08:57:07.124;0:46.481;0:45.241;0:45.220;159.1;John Dean*;;Am;;Copeland Motorsports;Toyota Gazoo Racing;GF;46.481;45.241;45.220;18.893;18.893;27.588;46.481;18.523;1:05.004;26.718;1:31.722;17.098;1:48.820;28.122;2:16.942;
16;1;4;2:44.906;0;B;50.268;0;45.438;0;1:09.200;0;83.8;9:52.030;08:59:52.030;0:50.268;0:45.438;1:09.200;159.1;John Dean*;;Am;;Copeland Motorsports;Toyota Gazoo Racing;RF;50.268;45.438;69.200;22.756;22.756;27.512;50.268;18.299;1:08.567;27.139;1:35.706;17.327;1:53.033;51.873;2:44.906;
16;1;5;5:43.492;0;;4:13.466;0;45.182;2;44.844;2;40.2;15:35.522;09:05:35.522;4:13.466;0:45.182;0:44.844;158.1;John Dean*;0:04:04.808;Am;;Copeland Motorsports;Toyota Gazoo Racing;FF;253.466;45.182;44.844;3:46.125;3:46.125;27.341;4:13.466;18.253;4:31.719;26.929;4:58.648;17.209;5:15.857;27.635;5:43.492;
17;1;1;2:55.755;0;;1:16.692;0;49.360;0;49.703;0;78.6;2:55.755;08:52:55.755;1:16.692;0:49.360;0:49.703;150.0;Miles Hewitt;0:00:22.506;Am;;van der Steur Racing;Toyota Gazoo Racing;GF;76.692;49.360;49.703;45.206;45.206;31.486;1:16.692;19.040;1:35.732;30.320;2:06.052;19.671;2:25.723;30.032;2:55.755;
17;1;2;2:20.238;0;;48.791;0;45.153;0;46.294;0;98.5;5:15.993;08:55:15.993;0:48.791;0:45.153;0:46.294;154.1;Miles Hewitt;;Am;;van der Steur Racing;Toyota Gazoo Racing;GF;48.791;45.153;46.294;21.157;21.157;27.634;48.791;18.417;1:07.208;26.736;1:33.944;18.905;1:52.849;27.389;2:20.238;
17;1;3;2:15.863;2;;46.297;2;44.252;2;45.314;2;101.7;7:31.856;08:57:31.856;0:46.297;0:44.252;0:45.314;162.2;Miles Hewitt;;Am;;van der Steur Racing;Toyota Gazoo Racing;GF;46.297;44.252;45.314;19.391;19.391;26.906;46.297;17.939;1:04.236;26.313;1:30.549;17.671;1:48.220;27.643;2:15.863;
17;1;4;5:54.078;0;B;46.925;0;44.912;0;4:22.241;0;39.0;13:25.934;09:03:25.934;0:46.925;0:44.912;4:22.241;160.0;Miles Hewitt;;Am;;van der Steur Racing;Toyota Gazoo Racing;GF;46.925;44.912;262.241;19.523;19.523;27.402;46.925;17.994;1:04.919;26.918;1:31.837;19.152;1:50.989;4:03.089;5:54.078;
17;1;5;3:24.094;0;B;1:00.123;0;46.251;0;1:37.720;0;67.7;16:50.028;09:06:50.028;1:00.123;0:46.251;1:37.720;153.2;Miles Hewitt;0:03:51.600;Am;;van der Steur Racing;Toyota Gazoo Racing;FF;60.123;46.251;97.720;31.544;31.544;28.579;1:00.123;18.933;1:19.056;27.318;1:46.374;19.562;2:05.936;1:18.158;3:24.094;
2;1;1;3:01.745;0;;1:30.116;0;45.992;0;45.637;0;76.0;3:01.745;08:53:01.745;1:30.116;0:45.992;0:45.637;155.2;Will Robusto;0:00:40.084;Am;;RVA Graphics Motorsports by Speed Syndicate;Toyota Gazoo Racing;GF;90.116;45.992;45.637;1:01.582;1:01.582;28.534;1:30.116;18.532;1:48.648;27.460;2:16.108;17.958;2:34.066;27.679;3:01.745;
2;1;2;2:16.779;0;;47.294;0;44.215;0;45.270;0;101.0;5:18.524;08:55:18.524;0:47.294;0:44.215;0:45.270;161.2;Will Robusto;;Am;;RVA Graphics Motorsports by Speed Syndicate;Toyota Gazoo Racing;GF;47.294;44.215;45.270;19.783;19.783;27.511;47.294;17.909;1:05.203;26.306;1:31.509;17.396;1:48.905;27.874;2:16.779;
2;1;3;2:13.033;3;;45.673;2;43.767;3;43.593;2;103.9;7:31.557;08:57:31.557;0:45.673;0:43.767;0:43.593;166.2;Will Robusto;;Am;;RVA Graphics Motorsports by Speed Syndicate;Toyota Gazoo Racing;GF;45.673;43.767;43.593;19.105;19.105;26.568;45.673;17.446;1:03.119;26.321;1:29.440;16.972;1:46.412;26.621;2:13.033;
2;1;4;5:48.497;0;B;46.496;0;44.264;0;4:17.737;0;39.6;13:20.054;09:03:20.054;0:46.496;0:44.264;4:17.737;169.0;Will Robusto;;Am;;RVA Graphics Motorsports by Speed Syndicate;Toyota Gazoo Racing;GF;46.496;44.264;257.737;19.726;19.726;26.770;46.496;17.889;1:04.385;26.375;1:30.760;18.990;1:49.750;3:58.747;5:48.497;
2;1;5;2:25.661;0;;56.301;0;44.937;0;44.423;0;94.9;15:45.715;09:05:45.715;0:56.301;0:44.937;0:44.423;155.2;Will Robusto;0:03:48.234;Am;;RVA Graphics Motorsports by Speed Syndicate;Toyota Gazoo Racing;FF;56.301;44.937;44.423;29.101;29.101;27.200;56.301;18.096;1:14.397;26.841;1:41.238;17.190;1:58.428;27.233;2:25.661;
21;1;1;2:33.930;0;;59.729;0;47.259;0;46.942;0;89.8;2:33.930;08:52:33.930;0:59.729;0:47.259;0:46.942;148.1;Ford Koch;0:00:08.311;Am;;Copeland Motorsports;Toyota Gazoo Racing;GF;59.729;47.259;46.942;30.250;30.250;29.479;59.729;19.353;1:19.082;27.906;1:46.988;18.229;2:05.217;28.713;2:33.930;
21;1;2;2:18.378;0;;47.236;0;45.477;0;45.665;0;99.9;4:52.308;08:54:52.308;0:47.236;0:45.477;0:45.665;159.1;Ford Koch;;Am;;Copeland Motorsports;Toyota Gazoo Racing;GF;47.236;45.477;45.665;19.424;19.424;27.812;47.236;18.510;1:05.746;26.967;1:32.713;17.431;1:50.144;28.234;2:18.378;
21;1;3;2:16.660;2;;47.176;0;45.288;0;44.196;2;101.1;7:08.968;08:57:08.968;0:47.176;0:45.288;0:44.196;161.2;Ford Koch;;Am;;Copeland Motorsports;Toyota Gazoo Racing;GF;47.176;45.288;44.196;19.415;19.415;27.761;47.176;18.476;1:05.652;26.812;1:32.464;17.493;1:49.957;26.703;2:16.660;
21;1;4;2:21.632;0;;46.974;2;45.081;2;49.577;0;97.6;9:30.600;08:59:30.600;0:46.974;0:45.081;0:49.577;164.1;Ford Koch;;Am;;Copeland Motorsports;Toyota Gazoo Racing;RF;46.974;45.081;49.577;19.573;19.573;27.401;46.974;18.064;1:05.038;27.017;1:32.055;17.938;1:49.993;31.639;2:21.632;
21;1;5;3:14.522;0;B;53.790;0;52.780;0;1:27.952;0;71.0;12:45.122;09:02:45.122;0:53.790;0:52.780;1:27.952;132.0;Ford Koch;;Am;;Copeland Motorsports;Toyota Gazoo Racing;RF;53.790;52.780;87.952;24.025;24.025;29.765;53.790;21.052;1:14.842;31.728;1:46.570;20.979;2:07.549;1:06.973;3:14.522;
21;1;6;3:23.665;0;B;1:25.793;0;46.023;0;1:11.849;0;67.8;16:08.787;09:06:08.787;1:25.793;0:46.023;1:11.849;150.0;Ford Koch;0:01:22.793;Am;;Copeland Motorsports;Toyota Gazoo Racing;FF;85.793;46.023;71.849;57.955;57.955;27.838;1:25.793;18.888;1:44.681;27.135;2:11.816;17.698;2:29.514;54.151;3:23.665;
3;1;1;3:38.763;0;;2:03.601;0;47.980;0;47.182;0;63.2;3:38.763;08:53:38.763;2:03.601;0:47.980;0:47.182;152.1;Jason Kos*;0:01:13.114;Am;;Eagles Canyon Racing Powered by Fast Track;Toyota Gazoo Racing;GF;123.601;47.980;47.182;1:34.074;1:34.074;29.527;2:03.601;20.030;2:23.631;27.950;2:51.581;17.991;3:09.572;29.191;3:38.763;
3;1;2;2:18.318;0;;47.551;0;45.918;0;44.849;0;99.9;5:57.081;08:55:57.081;0:47.551;0:45.918;0:44.849;158.1;Jason Kos*;;Am;;Eagles Canyon Racing Powered by Fast Track;Toyota Gazoo Racing;GF;47.551;45.918;44.849;19.659;19.659;27.892;47.551;18.912;1:06.463;27.006;1:33.469;17.359;1:50.828;27.490;2:18.318;
3;1;3;2:17.611;2;;46.888;2;45.907;2;44.816;2;100.4;8:14.692;08:58:14.692;0:46.888;0:45.907;0:44.816;161.2;Jason Kos*;;Am;;Eagles Canyon Racing Powered by Fast Track;Toyota Gazoo Racing;GF;46.888;45.907;44.816;19.288;19.288;27.600;46.888;18.677;1:05.565;27.230;1:32.795;17.790;1:50.585;27.026;2:17.611;
3;1;4;5:12.698;0;B;48.821;0;55.663;0;3:28.214;0;44.2;13:27.390;09:03:27.390;0:48.821;0:55.663;3:28.214;158.1;Jason Kos*;;Am;;Eagles Canyon Racing Powered by Fast Track;Toyota Gazoo Racing;GF;48.821;55.663;208.214;19.295;19.295;29.526;48.821;21.381;1:10.202;34.282;1:44.484;21.593;2:06.077;3:06.621;5:12.698;
3;1;5;3:08.758;0;B;1:00.131;0;49.470;0;1:19.157;0;73.2;16:36.148;09:06:36.148;1:00.131;0:49.470;1:19.157;152.1;Jason Kos*;0:02:57.490;Am;;Eagles Canyon Racing Powered by Fast Track;Toyota Gazoo Racing;FF;60.131;49.470;79.157;31.941;31.941;28.190;1:00.131;19.423;1:19.554;30.047;1:49.601;19.618;2:09.219;59.539;3:08.758;
31;1;1;2:41.577;0;;1:03.725;0;48.601;0;49.251;0;85.5;2:41.577;08:52:41.577;1:03.725;0:48.601;0:49.251;151.0;Jackson Tovo;0:00:10.526;Am;;Nitro Motorsports;Toyota Gazoo Racing;GF;63.725;48.601;49.251;33.546;33.546;30.179;1:03.725;19.902;1:23.627;28.699;1:52.326;19.139;2:11.465;30.112;2:41.577;
31;1;2;2:22.927;0;;50.149;0;45.559;0;47.219;0;96.7;5:04.504;08:55:04.504;0:50.149;0:45.559;0:47.219;156.1;Jackson Tovo;;Am;;Nitro Motorsports;Toyota Gazoo Racing;GF;50.149;45.559;47.219;21.815;21.815;28.334;50.149;18.530;1:08.679;27.029;1:35.708;18.088;1:53.796;29.131;2:22.927;
31;1;3;2:20.395;2;;47.600;0;46.652;0;46.143;0;98.4;7:24.899;08:57:24.899;0:47.600;0:46.652;0:46.143;153.2;Jackson Tovo;;Am;;Nitro Motorsports;Toyota Gazoo Racing;GF;47.600;46.652;46.143;19.991;19.991;27.609;47.600;19.296;1:06.896;27.356;1:34.252;18.123;1:52.375;28.020;2:20.395;
31;1;4;2:55.725;0;B;46.721;2;46.541;0;1:22.463;0;78.6;10:20.624;09:00:20.624;0:46.721;0:46.541;1:22.463;156.1;Jackson Tovo;;Am;;Nitro Motorsports;Toyota Gazoo Racing;RF;46.721;46.541;82.463;19.521;19.521;27.200;46.721;18.510;1:05.231;28.031;1:33.262;18.614;1:51.876;1:03.849;2:55.725;
31;1;5;5:18.717;0;;3:47.745;0;45.225;2;45.747;2;43.4;15:39.341;09:05:39.341;3:47.745;0:45.225;0:45.747;156.1;Jackson Tovo;0:03:44.775;Am;;Nitro Motorsports;Toyota Gazoo Racing;FF;227.745;45.225;45.747;3:20.324;3:20.324;27.421;3:47.745;18.266;4:06.011;26.959;4:32.970;17.975;4:50.945;27.772;5:18.717;
41;1;1;2:37.257;0;;1:02.499;0;47.754;0;47.004;0;87.9;2:37.257;08:52:37.257;1:02.499;0:47.754;0:47.004;152.1;Jenson Sofronas;0:00:09.714;Am;;Copeland Motorsports;Toyota Gazoo Racing;GF;62.499;47.754;47.004;32.303;32.303;30.196;1:02.499;19.674;1:22.173;28.080;1:50.253;18.369;2:08.622;28.635;2:37.257;
41;1;2;2:25.742;0;;49.364;0;48.721;0;47.657;0;94.8;5:02.999;08:55:02.999;0:49.364;0:48.721;0:47.657;149.2;Jenson Sofronas;;Am;;Copeland Motorsports;Toyota Gazoo Racing;GF;49.364;48.721;47.657;20.405;20.405;28.959;49.364;19.701;1:09.065;29.020;1:38.085;18.488;1:56.573;29.169;2:25.742;
41;1;3;2:20.427;2;;48.085;0;46.297;0;46.045;0;98.4;7:23.426;08:57:23.426;0:48.085;0:46.297;0:46.045;157.2;Jenson Sofronas;;Am;;Copeland Motorsports;Toyota Gazoo Racing;GF;48.085;46.297;46.045;20.405;20.405;27.680;48.085;19.398;1:07.483;26.899;1:34.382;17.526;1:51.908;28.519;2:20.427;
41;1;4;2:51.485;0;B;46.871;2;46.636;0;1:17.978;0;80.6;10:14.911;09:00:14.911;0:46.871;0:46.636;1:17.978;157.2;Jenson Sofronas;;Am;;Copeland Motorsports;Toyota Gazoo Racing;RF;46.871;46.636;77.978;19.623;19.623;27.248;46.871;18.620;1:05.491;28.016;1:33.507;17.881;1:51.388;1:00.097;2:51.485;
41;1;5;5:32.972;0;;4:00.846;0;46.161;2;45.965;2;41.5;15:47.883;09:05:47.883;4:00.846;0:46.161;0:45.965;157.2;Jenson Sofronas;0:03:53.753;Am;;Copeland Motorsports;Toyota Gazoo Racing;FF;240.846;46.161;45.965;3:33.125;3:33.125;27.721;4:00.846;18.551;4:19.397;27.610;4:47.007;17.927;5:04.934;28.038;5:32.972;
46;1;1;2:42.180;0;;1:09.344;0;46.974;0;45.862;0;85.2;2:42.180;08:52:42.180;1:09.344;0:46.974;0:45.862;155.2;Lucas Weisenberg;0:00:16.197;Am;;Lucas Racing;Toyota Gazoo Racing;GF;69.344;46.974;45.862;39.575;39.575;29.769;1:09.344;19.168;1:28.512;27.806;1:56.318;18.032;2:14.350;27.830;2:42.180;
46;1;2;2:16.941;0;;46.999;0;45.750;0;44.192;2;100.9;4:59.121;08:54:59.121;0:46.999;0:45.750;0:44.192;156.1;Lucas Weisenberg;;Am;;Lucas Racing;Toyota Gazoo Racing;GF;46.999;45.750;44.192;19.629;19.629;27.370;46.999;18.466;1:05.465;27.284;1:32.749;17.409;1:50.158;26.783;2:16.941;
46;1;3;2:16.057;2;;46.587;2;44.927;2;44.543;0;101.6;7:15.178;08:57:15.178;0:46.587;0:44.927;0:44.543;160.0;Lucas Weisenberg;;Am;;Lucas Racing;Toyota Gazoo Racing;GF;46.587;44.927;44.543;19.332;19.332;27.255;46.587;18.479;1:05.066;26.448;1:31.514;16.959;1:48.473;27.584;2:16.057;
46;1;4;6:07.849;0;B;53.339;0;46.606;0;4:27.904;0;37.6;13:23.027;09:03:23.027;0:53.339;0:46.606;4:27.904;161.2;Lucas Weisenberg;;Am;;Lucas Racing;Toyota Gazoo Racing;GF;53.339;46.606;267.904;25.506;25.506;27.833;53.339;18.758;1:12.097;27.848;1:39.945;17.449;1:57.394;4:10.455;6:07.849;
46;1;5;3:02.712;0;B;1:01.742;0;45.840;0;1:15.130;0;75.6;16:25.739;09:06:25.739;1:01.742;0:45.840;1:15.130;156.1;Lucas Weisenberg;0:04:04.032;Am;;Lucas Racing;Toyota Gazoo Racing;FF;61.742;45.840;75.130;33.534;33.534;28.208;1:01.742;18.667;1:20.409;27.173;1:47.582;18.286;2:05.868;56.844;3:02.712;
47;1;1;3:29.111;0;B;1:23.908;0;47.525;0;1:17.678;0;66.1;3:29.111;08:53:29.111;1:23.908;0:47.525;1:17.678;153.2;Ayden Kirk;0:00:33.647;Am;;TechSport;Toyota Gazoo Racing;GF;83.908;47.525;77.678;55.025;55.025;28.883;1:23.908;18.961;1:42.869;28.564;2:11.433;20.434;2:31.867;57.244;3:29.111;
47;1;2;2:30.492;0;;59.843;0;45.144;2;45.505;0;91.8;5:59.603;08:55:59.603;0:59.843;0:45.144;0:45.505;157.2;Ayden Kirk;0:00:52.442;Am;;TechSport;Toyota Gazoo Racing;GF;59.843;45.144;45.505;32.077;32.077;27.766;59.843;18.357;1:18.200;26.787;1:44.987;17.742;2:02.729;27.763;2:30.492;
47;1;3;2:16.881;2;;46.780;2;45.389;0;44.712;2;100.9;8:16.484;08:58:16.484;0:46.780;0:45.389;0:44.712;159.1;Ayden Kirk;;Am;;TechSport;Toyota Gazoo Racing;GF;46.780;45.389;44.712;19.026;19.026;27.754;46.780;18.332;1:05.112;27.057;1:32.169;17.311;1:49.480;27.401;2:16.881;
47;1;4;3:08.980;0;B;47.569;0;58.375;0;1:23.036;0;73.1;11:25.464;09:01:25.464;0:47.569;0:58.375;1:23.036;160.0;Ayden Kirk;;Am;;TechSport;Toyota Gazoo Racing;RF;47.569;58.375;83.036;19.127;19.127;28.442;47.569;22.348;1:09.917;36.027;1:45.944;19.887;2:05.831;1:03.149;3:08.980;
47;1;5;5:29.229;0;B;3:09.417;0;46.414;0;1:33.398;0;42.0;16:54.693;09:06:54.693;3:09.417;0:46.414;1:33.398;153.2;Ayden Kirk;0:03:00.107;Am;;TechSport;Toyota Gazoo Racing;FF;189.417;46.414;93.398;2:41.468;2:41.468;27.949;3:09.417;18.698;3:28.115;27.716;3:55.831;19.132;4:14.963;1:14.266;5:29.229;
5;1;1;2:56.309;0;;1:11.963;0;52.228;0;52.118;0;78.4;2:56.309;08:52:56.309;1:11.963;0:52.228;0:52.118;130.1;Beltre Curtis;0:00:12.627;Am;;Copeland Motorsports;Toyota Gazoo Racing;GF;71.963;52.228;52.118;39.070;39.070;32.893;1:11.963;20.525;1:32.488;31.703;2:04.191;20.742;2:24.933;31.376;2:56.309;
5;1;2;2:33.342;0;;52.894;0;49.760;0;50.688;0;90.1;5:29.651;08:55:29.651;0:52.894;0:49.760;0:50.688;147.1;Beltre Curtis;;Am;;Copeland Motorsports;Toyota Gazoo Racing;GF;52.894;49.760;50.688;22.575;22.575;30.319;52.894;19.791;1:12.685;29.969;1:42.654;20.147;2:02.801;30.541;2:33.342;
5;1;3;2:27.230;2;;53.529;0;46.950;0;46.751;2;93.9;7:56.881;08:57:56.881;0:53.529;0:46.950;0:46.751;156.1;Beltre Curtis;;Am;;Copeland Motorsports;Toyota Gazoo Racing;GF;53.529;46.950;46.751;25.994;25.994;27.535;53.529;19.208;1:12.737;27.742;1:40.479;18.077;1:58.556;28.674;2:27.230;
5;1;4;3:04.223;0;B;49.185;2;49.911;0;1:25.127;0;75.0;11:01.104;09:01:01.104;0:49.185;0:49.911;1:25.127;156.1;Beltre Curtis;;Am;;Copeland Motorsports;Toyota Gazoo Racing;RF;49.185;49.911;85.127;20.262;20.262;28.923;49.185;19.580;1:08.765;30.331;1:39.096;18.717;1:57.813;1:06.410;3:04.223;
5;1;5;4:43.991;0;;3:10.393;0;46.686;2;46.912;0;48.7;15:45.095;09:05:45.095;3:10.393;0:46.686;0:46.912;157.2;Beltre Curtis;0:03:05.741;Am;;Copeland Motorsports;Toyota Gazoo Racing;FF;190.393;46.686;46.912;2:42.614;2:42.614;27.779;3:10.393;19.090;3:29.483;27.596;3:57.079;17.767;4:14.846;29.145;4:43.991;
50;1;1;2:55.435;0;;1:15.180;0;49.621;0;50.634;0;78.8;2:55.435;08:52:55.435;1:15.180;0:49.621;0:50.634;142.1;Casey Mashore;0:00:21.920;Am;;Mashore Autobody;Toyota Gazoo Racing;GF;75.180;49.621;50.634;44.615;44.615;30.565;1:15.180;19.551;1:34.731;30.070;2:04.801;20.640;2:25.441;29.994;2:55.435;
50;1;2;2:18.464;0;;47.446;0;46.407;0;44.611;2;99.8;5:13.899;08:55:13.899;0:47.446;0:46.407;0:44.611;158.1;Casey Mashore;;Am;;Mashore Autobody;Toyota Gazoo Racing;GF;47.446;46.407;44.611;20.153;20.153;27.293;47.446;18.249;1:05.695;28.158;1:33.853;17.624;1:51.477;26.987;2:18.464;
50;1;3;2:16.732;2;;47.076;0;44.859;2;44.797;0;101.1;7:30.631;08:57:30.631;0:47.076;0:44.859;0:44.797;161.2;Casey Mashore;;Am;;Mashore Autobody;Toyota Gazoo Racing;GF;47.076;44.859;44.797;19.581;19.581;27.495;47.076;18.236;1:05.312;26.623;1:31.935;17.805;1:49.740;26.992;2:16.732;
50;1;4;5:58.061;0;B;46.808;2;45.916;0;4:25.337;0;38.6;13:28.692;09:03:28.692;0:46.808;0:45.916;4:25.337;161.2;Casey Mashore;;Am;;Mashore Autobody;Toyota Gazoo Racing;GF;46.808;45.916;265.337;19.510;19.510;27.298;46.808;18.635;1:05.443;27.281;1:32.724;18.971;1:51.695;4:06.366;5:58.061;
50;1;5;3:15.205;0;B;59.870;0;46.413;0;1:28.922;0;70.8;16:43.897;09:06:43.897;0:59.870;0:46.413;1:28.922;157.2;Casey Mashore;0:03:55.780;Am;;Mashore Autobody;Toyota Gazoo Racing;FF;59.870;46.413;88.922;31.591;31.591;28.279;59.870;18.739;1:18.609;27.674;1:46.283;18.572;2:04.855;1:10.350;3:15.205;
51;1;1;3:14.648;0;;1:12.372;0;1:14.761;0;47.515;0;71.0;3:14.648;08:53:14.648;1:12.372;1:14.761;0:47.515;142.1;Massimo Sunseri;0:00:17.058;Am;;BSI Racing;Toyota Gazoo Racing;GF;72.372;74.761;47.515;40.329;40.329;32.043;1:12.372;19.989;1:32.361;54.772;2:27.133;19.684;2:46.817;27.831;3:14.648;
51;1;2;2:22.005;0;;48.575;0;47.255;0;46.175;0;97.3;5:36.653;08:55:36.653;0:48.575;0:47.255;0:46.175;157.2;Massimo Sunseri;;Am;;BSI Racing;Toyota Gazoo Racing;GF;48.575;47.255;46.175;20.669;20.669;27.906;48.575;19.327;1:07.902;27.928;1:35.830;19.007;1:54.837;27.168;2:22.005;
51;1;3;2:19.554;2;;47.991;2;47.262;0;44.301;2;99.0;7:56.207;08:57:56.207;0:47.991;0:47.262;0:44.301;160.0;Massimo Sunseri;;Am;;BSI Racing;Toyota Gazoo Racing;GF;47.991;47.262;44.301;19.906;19.906;28.085;47.991;19.793;1:07.784;27.469;1:35.253;17.412;1:52.665;26.889;2:19.554;
51;1;4;5:23.386;0;B;49.484;0;49.663;0;3:44.239;0;42.7;13:19.593;09:03:19.593;0:49.484;0:49.663;3:44.239;158.1;Massimo Sunseri;;Am;;BSI Racing;Toyota Gazoo Racing;GF;49.484;49.663;224.239;20.479;20.479;29.005;49.484;19.170;1:08.654;30.493;1:39.147;18.794;1:57.941;3:25.445;5:23.386;
51;1;5;2:56.623;0;B;56.696;0;46.245;2;1:13.682;0;78.2;16:16.216;09:06:16.216;0:56.696;0:46.245;1:13.682;155.2;Massimo Sunseri;0:03:13.581;Am;;BSI Racing;Toyota Gazoo Racing;FF;56.696;46.245;73.682;29.266;29.266;27.430;56.696;18.940;1:15.636;27.305;1:42.941;17.944;2:00.885;55.738;2:56.623;
55;1;1;3:08.501;0;;1:36.919;0;45.921;0;45.661;0;73.3;3:08.501;08:53:08.501;1:36.919;0:45.921;0:45.661;153.2;Spike Kohlbecker;0:00:46.960;Am;;RVA Graphics Motorsports by Speed Syndicate;Toyota Gazoo Racing;GF;96.919;45.921;45.661;1:08.655;1:08.655;28.264;1:36.919;18.881;1:55.800;27.040;2:22.840;18.019;2:40.859;27.642;3:08.501;
55;1;2;2:18.700;0;;47.478;0;44.324;2;46.898;0;99.6;5:27.201;08:55:27.201;0:47.478;0:44.324;0:46.898;159.1;Spike Kohlbecker;;Am;;RVA Graphics Motorsports by Speed Syndicate;Toyota Gazoo Racing;GF;47.478;44.324;46.898;19.878;19.878;27.600;47.478;17.947;1:05.425;26.377;1:31.802;18.804;1:50.606;28.094;2:18.700;
55;1;3;2:15.887;2;;46.901;0;44.606;0;44.380;2;101.7;7:43.088;08:57:43.088;0:46.901;0:44.606;0:44.380;158.1;Spike Kohlbecker;;Am;;RVA Graphics Motorsports by Speed Syndicate;Toyota Gazoo Racing;GF;46.901;44.606;44.380;19.751;19.751;27.150;46.901;18.136;1:05.037;26.470;1:31.507;17.623;1:49.130;26.757;2:15.887;
55;1;4;5:38.635;0;B;46.731;2;44.509;0;4:07.395;0;40.8;13:21.723;09:03:21.723;0:46.731;0:44.509;4:07.395;162.2;Spike Kohlbecker;;Am;;RVA Graphics Motorsports by Speed Syndicate;Toyota Gazoo Racing;GF;46.731;44.509;247.395;19.383;19.383;27.348;46.731;17.733;1:04.464;26.776;1:31.240;18.932;1:50.172;3:48.463;5:38.635;
55;1;5;2:28.417;0;;58.785;0;44.597;0;45.035;0;93.1;15:50.140;09:05:50.140;0:58.785;0:44.597;0:45.035;152.1;Spike Kohlbecker;0:03:43.976;Am;;RVA Graphics Motorsports by Speed Syndicate;Toyota Gazoo Racing;FF;58.785;44.597;45.035;31.037;31.037;27.748;58.785;18.235;1:17.020;26.362;1:43.382;17.673;2:01.055;27.362;2:28.417;
67;1;1;3:04.323;0;;1:17.924;0;52.632;0;53.767;0;75.0;3:04.323;08:53:04.323;1:17.924;0:52.632;0:53.767;132.0;Shea Holbrook;0:00:19.465;Am;;BSI Racing;Toyota Gazoo Racing;GF;77.924;52.632;53.767;43.784;43.784;34.140;1:17.924;20.944;1:38.868;31.688;2:10.556;20.845;2:31.401;32.922;3:04.323;
67;1;2;2:34.826;0;;55.170;0;49.902;0;49.754;0;89.2;5:39.149;08:55:39.149;0:55.170;0:49.902;0:49.754;146.1;Shea Holbrook;;Am;;BSI Racing;Toyota Gazoo Racing;GF;55.170;49.902;49.754;22.157;22.157;33.013;55.170;20.307;1:15.477;29.595;1:45.072;19.545;2:04.617;30.209;2:34.826;
67;1;3;2:27.410;2;;51.533;0;48.027;2;47.850;2;93.7;8:06.559;08:58:06.559;0:51.533;0:48.027;0:47.850;154.1;Shea Holbrook;;Am;;BSI Racing;Toyota Gazoo Racing;GF;51.533;48.027;47.850;20.675;20.675;30.858;51.533;18.799;1:10.332;29.228;1:39.560;18.858;1:58.418;28.992;2:27.410;
7;1;1;2:29.202;0;;55.796;0;46.347;0;47.059;0;92.6;2:29.202;08:52:29.202;0:55.796;0:46.347;0:47.059;155.2;Jaxon Bell;0:00:05.871;Am;;Copeland Motorsports;Toyota Gazoo Racing;GF;55.796;46.347;47.059;26.853;26.853;28.943;55.796;18.660;1:14.456;27.687;1:42.143;18.120;2:00.263;28.939;2:29.202;
7;1;2;2:16.295;0;;46.578;0;44.878;0;44.839;0;101.4;4:45.497;08:54:45.497;0:46.578;0:44.878;0:44.839;160.0;Jaxon Bell;;Am;;Copeland Motorsports;Toyota Gazoo Racing;GF;46.578;44.878;44.839;19.054;19.054;27.524;46.578;18.160;1:04.738;26.718;1:31.456;17.496;1:48.952;27.343;2:16.295;
7;1;3;2:14.075;2;;45.942;0;44.730;0;43.403;3;103.1;6:59.572;08:56:59.572;0:45.942;0:44.730;0:43.403;166.2;Jaxon Bell;;Am;;Copeland Motorsports;Toyota Gazoo Racing;GF;45.942;44.730;43.403;18.855;18.855;27.087;45.942;17.959;1:03.901;26.771;1:30.672;17.224;1:47.896;26.179;2:14.075;
7;1;4;2:12.685;0;;45.243;3;44.328;2;43.114;0;104.1;9:12.257;08:59:12.257;0:45.243;0:44.328;0:43.114;167.2;Jaxon Bell;;Am;;Copeland Motorsports;Toyota Gazoo Racing;RF;45.243;44.328;43.114;18.455;18.455;26.788;45.243;17.799;1:03.042;26.529;1:29.571;17.044;1:46.615;26.070;2:12.685;
7;1;5;2:51.846;0;B;52.328;0;48.637;0;1:10.881;0;80.4;12:04.103;09:02:04.103;0:52.328;0:48.637;1:10.881;157.2;Jaxon Bell;;Am;;Copeland Motorsports;Toyota Gazoo Racing;RF;52.328;48.637;70.881;22.576;22.576;29.752;52.328;20.020;1:12.348;28.617;1:40.965;17.660;1:58.625;53.221;2:51.846;
7;1;6;3:30.469;0;;2:00.837;0;44.632;0;45.000;0;65.7;15:34.572;09:05:34.572;2:00.837;0:44.632;0:45.000;160.0;Jaxon Bell;0:01:54.541;Am;;Copeland Motorsports;Toyota Gazoo Racing;FF;120.837;44.632;45.000;1:33.839;1:33.839;26.998;2:00.837;18.091;2:18.928;26.541;2:45.469;17.162;3:02.631;27.838;3:30.469;
71;1;1;2:39.289;0;;1:05.217;0;47.480;0;46.592;0;86.7;2:39.289;08:52:39.289;1:05.217;0:47.480;0:46.592;154.1;Christian Weir;0:00:13.746;Am;;TechSport;Toyota Gazoo Racing;GF;65.217;47.480;46.592;36.366;36.366;28.851;1:05.217;19.297;1:24.514;28.183;1:52.697;18.683;2:11.380;27.909;2:39.289;
71;1;2;2:17.351;0;;47.195;0;45.421;0;44.735;0;100.6;4:56.640;08:54:56.640;0:47.195;0:45.421;0:44.735;157.2;Christian Weir;;Am;;TechSport;Toyota Gazoo Racing;GF;47.195;45.421;44.735;19.929;19.929;27.266;47.195;18.619;1:05.814;26.802;1:32.616;17.375;1:49.991;27.360;2:17.351;
71;1;3;2:15.720;2;;47.002;0;44.386;2;44.332;2;101.8;7:12.360;08:57:12.360;0:47.002;0:44.386;0:44.332;160.0;Christian Weir;;Am;;TechSport;Toyota Gazoo Racing;GF;47.002;44.386;44.332;19.389;19.389;27.613;47.002;18.282;1:05.284;26.104;1:31.388;17.228;1:48.616;27.104;2:15.720;
71;1;4;2:41.726;0;B;45.862;2;44.976;0;1:10.888;0;85.4;9:54.086;08:59:54.086;0:45.862;0:44.976;1:10.888;163.1;Christian Weir;;Am;;TechSport;Toyota Gazoo Racing;RF;45.862;44.976;70.888;18.873;18.873;26.989;45.862;18.357;1:04.219;26.619;1:30.838;17.349;1:48.187;53.539;2:41.726;
71;1;5;5:55.244;0;;4:23.327;0;45.395;0;46.522;0;38.9;15:49.330;09:05:49.330;4:23.327;0:45.395;0:46.522;154.1;Christian Weir;0:04:17.160;Am;;TechSport;Toyota Gazoo Racing;FF;263.327;45.395;46.522;3:56.512;3:56.512;26.815;4:23.327;18.391;4:41.718;27.004;5:08.722;18.222;5:26.944;28.300;5:55.244;
72;1;1;2:46.063;0;;1:07.025;0;48.130;0;50.908;0;83.2;2:46.063;08:52:46.063;1:07.025;0:48.130;0:50.908;148.1;Ethan Goulart;0:00:12.972;Am;;TechSport;Toyota Gazoo Racing;GF;67.025;48.130;50.908;37.659;37.659;29.366;1:07.025;19.194;1:26.219;28.936;1:55.155;21.692;2:16.847;29.216;2:46.063;
72;1;2;2:19.855;0;;48.659;0;46.347;0;44.849;0;98.8;5:05.918;08:55:05.918;0:48.659;0:46.347;0:44.849;159.1;Ethan Goulart;;Am;;TechSport;Toyota Gazoo Racing;GF;48.659;46.347;44.849;20.657;20.657;28.002;48.659;18.814;1:07.473;27.533;1:35.006;17.705;1:52.711;27.144;2:19.855;
72;1;3;2:16.737;2;;46.589;0;45.712;2;44.436;2;101.1;7:22.655;08:57:22.655;0:46.589;0:45.712;0:44.436;162.2;Ethan Goulart;;Am;;TechSport;Toyota Gazoo Racing;GF;46.589;45.712;44.436;19.126;19.126;27.463;46.589;18.791;1:05.380;26.921;1:32.301;17.448;1:49.749;26.988;2:16.737;
72;1;4;2:49.689;0;B;46.260;2;47.404;0;1:16.025;0;81.4;10:12.344;09:00:12.344;0:46.260;0:47.404;1:16.025;162.2;Ethan Goulart;;Am;;TechSport;Toyota Gazoo Racing;RF;46.260;47.404;76.025;18.968;18.968;27.292;46.260;18.800;1:05.060;28.604;1:33.664;17.765;1:51.429;58.260;2:49.689;
72;1;5;6:26.296;0;B;4:17.182;0;47.793;0;1:21.321;0;35.8;16:38.640;09:06:38.640;4:17.182;0:47.793;1:21.321;153.2;Ethan Goulart;0:04:02.493;Am;;TechSport;Toyota Gazoo Racing;FF;257.182;47.793;81.321;3:47.798;3:47.798;29.384;4:17.182;18.836;4:36.018;28.957;5:04.975;20.012;5:24.987;1:01.309;6:26.296;
73;1;1;3:22.510;0;;1:45.619;0;48.197;0;48.694;0;68.2;3:22.510;08:53:22.510;1:45.619;0:48.197;0:48.694;150.0;Mike Lamarra*;0:00:53.872;Am;;Precision Racing LA;Toyota Gazoo Racing;GF;105.619;48.197;48.694;1:15.796;1:15.796;29.823;1:45.619;20.139;2:05.758;28.058;2:33.816;18.462;2:52.278;30.232;3:22.510;
73;1;2;2:19.655;2;;47.285;2;46.683;2;45.687;2;98.9;5:42.165;08:55:42.165;0:47.285;0:46.683;0:45.687;153.2;Mike Lamarra*;;Am;;Precision Racing LA;Toyota Gazoo Racing;GF;47.285;46.683;45.687;19.651;19.651;27.634;47.285;19.260;1:06.545;27.423;1:33.968;18.204;1:52.172;27.483;2:19.655;
73;1;3;2:39.276;0;;47.489;0;1:06.017;0;45.770;0;86.8;8:21.441;08:58:21.441;0:47.489;1:06.017;0:45.770;155.2;Mike Lamarra*;;Am;;Precision Racing LA;Toyota Gazoo Racing;GF;47.489;66.017;45.770;19.233;19.233;28.256;47.489;18.790;1:06.279;47.227;1:53.506;18.000;2:11.506;27.770;2:39.276;
73;1;4;4:59.801;0;B;46.850;0;57.040;0;3:15.911;0;46.1;13:21.242;09:03:21.242;0:46.850;0:57.040;3:15.911;159.1;Mike Lamarra*;;Am;;Precision Racing LA;Toyota Gazoo Racing;GF;46.850;57.040;195.911;18.597;18.597;28.253;46.850;21.958;1:08.808;35.082;1:43.890;22.240;2:06.130;2:53.671;4:59.801;
73;1;5;3:00.822;0;B;58.359;0;47.512;0;1:14.951;0;76.4;16:22.064;09:06:22.064;0:58.359;0:47.512;1:14.951;148.1;Mike Lamarra*;0:02:44.437;Am;;Precision Racing LA;Toyota Gazoo Racing;FF;58.359;47.512;74.951;31.137;31.137;27.222;58.359;19.517;1:17.876;27.995;1:45.871;17.981;2:03.852;56.970;3:00.822;
78;1;1;2:32.765;0;;57.982;0;47.360;0;47.423;0;90.5;2:32.765;08:52:32.765;0:57.982;0:47.360;0:47.423;155.2;Ethan Ayars;0:00:07.580;Am;;Nitro Motorsports;Toyota Gazoo Racing;GF;57.982;47.360;47.423;29.206;29.206;28.776;57.982;19.514;1:17.496;27.846;1:45.342;18.342;2:03.684;29.081;2:32.765;
78;1;2;2:18.906;0;;47.117;0;45.434;0;46.355;0;99.5;4:51.671;08:54:51.671;0:47.117;0:45.434;0:46.355;159.1;Ethan Ayars;;Am;;Nitro Motorsports;Toyota Gazoo Racing;GF;47.117;45.434;46.355;19.549;19.549;27.568;47.117;18.169;1:05.286;27.265;1:32.551;17.447;1:49.998;28.908;2:18.906;
78;1;3;2:15.635;2;;46.593;2;44.743;2;44.299;2;101.9;7:07.306;08:57:07.306;0:46.593;0:44.743;0:44.299;161.2;Ethan Ayars;;Am;;Nitro Motorsports;Toyota Gazoo Racing;GF;46.593;44.743;44.299;19.328;19.328;27.265;46.593;18.139;1:04.732;26.604;1:31.336;17.070;1:48.406;27.229;2:15.635;
78;1;4;2:20.883;0;;46.923;0;44.920;0;49.040;0;98.1;9:28.189;08:59:28.189;0:46.923;0:44.920;0:49.040;160.0;Ethan Ayars;;Am;;Nitro Motorsports;Toyota Gazoo Racing;RF;46.923;44.920;49.040;19.701;19.701;27.222;46.923;17.980;1:04.903;26.940;1:31.843;17.074;1:48.917;31.966;2:20.883;
78;1;5;3:15.141;0;B;53.782;0;52.966;0;1:28.393;0;70.8;12:43.330;09:02:43.330;0:53.782;0:52.966;1:28.393;141.2;Ethan Ayars;;Am;;Nitro Motorsports;Toyota Gazoo Racing;RF;53.782;52.966;88.393;23.273;23.273;30.509;53.782;21.896;1:15.678;31.070;1:46.748;22.138;2:08.886;1:06.255;3:15.141;
78;1;6;3:22.442;0;B;1:23.554;0;44.908;0;1:13.980;0;68.3;16:05.772;09:06:05.772;1:23.554;0:44.908;1:13.980;158.1;Ethan Ayars;0:01:22.562;Am;;Nitro Motorsports;Toyota Gazoo Racing;FF;83.554;44.908;73.980;56.397;56.397;27.157;1:23.554;18.053;1:41.607;26.855;2:08.462;17.580;2:26.042;56.400;3:22.442;
80;1;1;2:50.271;0;;1:08.986;0;49.136;0;52.149;0;81.2;2:50.271;08:52:50.271;1:08.986;0:49.136;0:52.149;150.0;Paityn Feyen;0:00:11.650;Am;;Nitro Motorsports;Toyota Gazoo Racing;GF;68.986;49.136;52.149;36.190;36.190;32.796;1:08.986;19.486;1:28.472;29.650;1:58.122;20.935;2:19.057;31.214;2:50.271;
80;1;2;2:29.515;0;;50.935;0;47.700;2;50.880;0;92.4;5:19.786;08:55:19.786;0:50.935;0:47.700;0:50.880;156.1;Paityn Feyen;;Am;;Nitro Motorsports;Toyota Gazoo Racing;GF;50.935;47.700;50.880;21.398;21.398;29.537;50.935;18.889;1:09.824;28.811;1:38.635;19.955;1:58.590;30.925;2:29.515;
80;1;3;2:27.523;2;;50.626;2;47.940;0;48.957;2;93.7;7:47.309;08:57:47.309;0:50.626;0:47.940;0:48.957;153.2;Paityn Feyen;;Am;;Nitro Motorsports;Toyota Gazoo Racing;GF;50.626;47.940;48.957;21.438;21.438;29.188;50.626;19.431;1:10.057;28.509;1:38.566;19.906;1:58.472;29.051;2:27.523;
80;1;4;3:41.079;0;B;1:19.617;0;57.701;0;1:23.761;0;62.5;11:28.388;09:01:28.388;1:19.617;0:57.701;1:23.761;155.2;Paityn Feyen;;Am;;Nitro Motorsports;Toyota Gazoo Racing;RF;79.617;57.701;83.761;45.792;45.792;33.825;1:19.617;22.446;1:42.063;35.255;2:17.318;22.350;2:39.668;1:01.411;3:41.079;
80;1;5;4:51.754;0;;3:08.473;0;50.206;0;53.075;0;47.4;16:20.142;09:06:20.142;3:08.473;0:50.206;0:53.075;152.1;Paityn Feyen;0:02:54.622;Am;;Nitro Motorsports;Toyota Gazoo Racing;FF;188.473;50.206;53.075;2:36.130;2:36.130;32.343;3:08.473;19.926;3:28.399;30.280;3:58.679;20.565;4:19.244;32.510;4:51.754;
88;1;1;2:35.263;0;;1:00.364;0;47.434;0;47.465;0;89.0;2:35.263;08:52:35.263;1:00.364;0:47.434;0:47.465;155.2;Zach Hollingshead;0:00:08.996;Am;;PT Autosport with Copeland Motorsports;Toyota Gazoo Racing;GF;60.364;47.434;47.465;30.747;30.747;29.617;1:00.364;19.428;1:19.792;28.006;1:47.798;18.489;2:06.287;28.976;2:35.263;
88;1;2;2:26.034;0;;47.524;0;45.616;0;52.894;0;94.6;5:01.297;08:55:01.297;0:47.524;0:45.616;0:52.894;159.1;Zach Hollingshead;;Am;;PT Autosport with Copeland Motorsports;Toyota Gazoo Racing;GF;47.524;45.616;52.894;19.823;19.823;27.701;47.524;18.680;1:06.204;26.936;1:33.140;17.275;1:50.415;35.619;2:26.034;
88;1;3;2:17.900;2;;46.731;2;46.023;0;45.146;2;100.2;7:19.197;08:57:19.197;0:46.731;0:46.023;0:45.146;162.2;Zach Hollingshead;;Am;;PT Autosport with Copeland Motorsports;Toyota Gazoo Racing;GF;46.731;46.023;45.146;19.092;19.092;27.639;46.731;18.635;1:05.366;27.388;1:32.754;17.433;1:50.187;27.713;2:17.900;
88;1;4;2:46.039;0;B;48.313;0;45.280;2;1:12.446;0;83.2;10:05.236;09:00:05.236;0:48.313;0:45.280;1:12.446;162.2;Zach Hollingshead;;Am;;PT Autosport with Copeland Motorsports;Toyota Gazoo Racing;RF;48.313;45.280;72.446;20.539;20.539;27.774;48.313;18.836;1:07.149;26.444;1:33.593;17.116;1:50.709;55.330;2:46.039;
88;1;5;6:06.452;0;B;4:06.501;0;46.736;0;1:13.215;0;37.7;16:11.688;09:06:11.688;4:06.501;0:46.736;1:13.215;158.1;Zach Hollingshead;0:03:56.190;Am;;PT Autosport with Copeland Motorsports;Toyota Gazoo Racing;FF;246.501;46.736;73.215;3:39.085;3:39.085;27.416;4:06.501;19.751;4:26.252;26.985;4:53.237;18.165;5:11.402;55.050;6:06.452;
89;1;1;3:37.721;0;;2:02.606;0;47.547;0;47.568;0;63.5;3:37.721;08:53:37.721;2:02.606;0:47.547;0:47.568;152.1;Livio Galanti*;0:01:11.971;Am;;Eagles Canyon Racing Powered by Fast Track;Toyota Gazoo Racing;GF;122.606;47.547;47.568;1:32.945;1:32.945;29.661;2:02.606;19.820;2:22.426;27.727;2:50.153;18.544;3:08.697;29.024;3:37.721;
89;1;2;2:17.163;0;;46.781;0;45.230;2;45.152;0;100.7;5:54.884;08:55:54.884;0:46.781;0:45.230;0:45.152;158.1;Livio Galanti*;;Am;;Eagles Canyon Racing Powered by Fast Track;Toyota Gazoo Racing;GF;46.781;45.230;45.152;18.939;18.939;27.842;46.781;18.301;1:05.082;26.929;1:32.011;17.726;1:49.737;27.426;2:17.163;
89;1;3;2:15.709;2;;45.444;2;45.574;0;44.691;2;101.8;8:10.593;08:58:10.593;0:45.444;0:45.574;0:44.691;159.1;Livio Galanti*;;Am;;Eagles Canyon Racing Powered by Fast Track;Toyota Gazoo Racing;GF;45.444;45.574;44.691;18.552;18.552;26.892;45.444;18.296;1:03.740;27.278;1:31.018;17.592;1:48.610;27.099;2:15.709;
89;1;4;5:14.413;0;B;47.019;0;57.531;0;3:29.863;0;43.9;13:25.006;09:03:25.006;0:47.019;0:57.531;3:29.863;168.2;Livio Galanti*;;Am;;Eagles Canyon Racing Powered by Fast Track;Toyota Gazoo Racing;GF;47.019;57.531;209.863;19.835;19.835;27.184;47.019;20.273;1:07.292;37.258;1:44.550;21.805;2:06.355;3:08.058;5:14.413;
89;1;5;3:03.033;0;B;1:00.759;0;46.244;0;1:16.030;0;75.5;16:28.039;09:06:28.039;1:00.759;0:46.244;1:16.030;154.1;Livio Galanti*;0:02:59.683;Am;;Eagles Canyon Racing Powered by Fast Track;Toyota Gazoo Racing;FF;60.759;46.244;76.030;31.872;31.872;28.887;1:00.759;18.901;1:19.660;27.343;1:47.003;19.215;2:06.218;56.815;3:03.033;
93;1;1;4:47.896;0;B;1:13.790;0;51.968;0;2:42.138;0;48.0;4:47.896;08:54:47.896;1:13.790;0:51.968;2:42.138;145.2;Patrick Brunson;0:00:20.183;Am;;Eagles Canyon Racing Powered by Fast Track;Toyota Gazoo Racing;GF;73.790;51.968;162.138;43.402;43.402;30.388;1:13.790;20.509;1:34.299;31.459;2:05.758;21.149;2:26.907;2:20.989;4:47.896;
93;1;2;2:31.019;0;;56.888;0;48.187;2;45.944;2;91.5;7:18.915;08:57:18.915;0:56.888;0:48.187;0:45.944;154.1;Patrick Brunson;0:02:14.801;Am;;Eagles Canyon Racing Powered by Fast Track;Toyota Gazoo Racing;GF;56.888;48.187;45.944;28.513;28.513;28.375;56.888;20.286;1:17.174;27.901;1:45.075;17.742;2:02.817;28.202;2:31.019;
98;1;1;2:54.299;0;;1:12.225;0;52.273;0;49.801;0;79.3;2:54.299;08:52:54.299;1:12.225;0:52.273;0:49.801;137.1;Max Schweid;0:00:14.268;Am;;TechSport;Toyota Gazoo Racing;GF;72.225;52.273;49.801;39.417;39.417;32.808;1:12.225;21.072;1:33.297;31.201;2:04.498;20.559;2:25.057;29.242;2:54.299;
98;1;2;2:18.579;0;;47.176;0;46.149;0;45.254;0;99.7;5:12.878;08:55:12.878;0:47.176;0:46.149;0:45.254;156.1;Max Schweid;;Am;;TechSport;Toyota Gazoo Racing;GF;47.176;46.149;45.254;19.435;19.435;27.741;47.176;18.989;1:06.165;27.160;1:33.325;17.904;1:51.229;27.350;2:18.579;
98;1;3;2:14.049;2;;45.733;0;44.345;2;43.971;2;103.1;7:26.927;08:57:26.927;0:45.733;0:44.345;0:43.971;161.2;Max Schweid;;Am;;TechSport;Toyota Gazoo Racing;GF;45.733;44.345;43.971;18.829;18.829;26.904;45.733;17.897;1:03.630;26.448;1:30.078;17.280;1:47.358;26.691;2:14.049;
98;1;4;2:52.867;0;B;45.498;2;45.139;0;1:22.230;0;79.9;10:19.794;09:00:19.794;0:45.498;0:45.139;1:22.230;161.2;Max Schweid;;Am;;TechSport;Toyota Gazoo Racing;RF;45.498;45.139;82.230;18.965;18.965;26.533;45.498;17.978;1:03.476;27.161;1:30.637;18.250;1:48.887;1:03.980;2:52.867;
98;1;5;6:26.422;0;B;4:11.368;0;48.035;0;1:27.019;0;35.8;16:46.216;09:06:46.216;4:11.368;0:48.035;1:27.019;143.0;Max Schweid;0:04:02.804;Am;;TechSport;Toyota Gazoo Racing;FF;251.368;48.035;87.019;3:42.154;3:42.154;29.214;4:11.368;19.238;4:30.606;28.797;4:59.403;20.051;5:19.454;1:06.968;6:26.422;
